encoding,stage,seed,epoch,fit_scc,val_scc,test_scc,train_scc
group5,1,42,20,0.17159033235279098,0.043400996656876176,0.0795865865526555,
group5,1,42,40,0.26034399240505457,0.0764691575263113,0.11666682971026057,
group5,1,42,60,0.3468520828444386,0.11212094621912379,0.17961072212675022,
group5,1,42,80,0.39708133551895697,0.14309883408971738,0.22021342183622122,
group5,1,42,100,0.44975227624363456,0.16797188179089265,0.24243978740774189,
group5,1,42,120,0.4784545686552039,0.18983189021156285,0.2569105278132653,
group5,1,42,140,0.5013534144682579,0.210026727416202,0.26997611279208367,
group5,1,42,160,0.520178843537522,0.22261519102341631,0.27900247914501297,
group5,1,42,180,0.5343943648647909,0.23002189705226012,0.2873451367303946,
group5,1,42,200,0.5457017559294877,0.23502034230504643,0.2908069136664777,
group5,1,42,220,0.5586825510586348,0.24517241870256684,0.2975965966240047,
group5,1,42,240,0.5671327539153147,0.2456677015428711,0.3008905969915361,
group5,1,42,260,0.5789335080841171,0.2546242938213083,0.306302043754035,
group5,1,42,280,0.5851951049000711,0.2540514161450691,0.30809811323547326,
group5,1,42,300,0.5933210695348923,0.25854889402469194,0.3067083629151095,
group5,1,42,320,0.5946532666879476,0.25843019027804465,0.3078233598455394,
group5,1,42,340,0.5951615833072752,0.25882911814824916,0.3080112327614129,
group5,1,42,360,0.5951791891700853,0.25889130884185896,0.3079732175951465,
group5,1,42,380,0.5951782908018977,0.25888556493196774,0.3079885838722242,
group5,1,42,400,0.5951790317007812,0.2588843338467495,0.30799129123312863,
group5,1,42,420,0.5951791523654051,0.2588843338467495,0.3079873385958506,
group5,1,42,440,0.5951796279738815,0.2588843338467495,0.3079841504125075,
group5,1,42,460,0.5951793949388993,0.25888273941334455,0.3079843485263496,
group5,1,42,480,0.5951799677667117,0.2588802981791364,0.3079879305392803,
group5,1,42,500,0.5951788454182664,0.2588809090818432,0.3079879305392803,
group5,2,42,20,,,0.10164239063749198,0.16175758133956408
group5,2,42,40,,,0.16814738953734695,0.2739305006733469
group5,2,42,60,,,0.2372292275629181,0.3686456783452401
group5,2,42,80,,,0.2717600173895771,0.4240877151329952
group5,2,42,100,,,0.2919347493500617,0.4720169102014196
group5,2,42,120,,,0.3060182866382329,0.4888366173463063
group5,2,42,140,,,0.32066159460567456,0.5105977858597681
group5,2,42,160,,,0.32692543216394143,0.5197468873135261
group5,2,42,180,,,0.3302745391114111,0.5303557142238441
group5,2,42,200,,,0.3311578871955035,0.5404932969396702
group5,2,42,220,,,0.33057465721177354,0.5471913078820837
group5,2,42,240,,,0.3330920830787454,0.5508505495638217
group5,2,42,260,,,0.3312999287114904,0.551601834980693
group5,2,42,280,,,0.331485251119811,0.5518768509245379
group5,2,42,300,,,0.33150172917494447,0.5518034973667968
group5,2,42,320,,,0.3314937621265683,0.5518029452455638
group5,2,42,340,,,0.3314943707579924,0.5518028055513722
group5,2,42,360,,,0.3314934740005253,0.5518025512445418
sidney14,1,42,20,0.35423577182474875,0.18840018292203617,0.21697431033873532,
sidney14,1,42,40,0.538728426820686,0.31225398117325426,0.3029338366899723,
sidney14,1,42,60,0.5983776977823574,0.3501786710240645,0.31309844378518226,
sidney14,1,42,80,0.645959474033305,0.36612218835699795,0.32773057637541153,
sidney14,1,42,100,0.6792673314993037,0.3760244621512353,0.34370472883591163,
sidney14,1,42,120,0.7039339816508882,0.3801310099710407,0.34449238200463966,
sidney14,1,42,140,0.725302585318257,0.3866670943148218,0.35053955134081444,
sidney14,1,42,160,0.742676835901746,0.38606566141233245,0.3479258738886818,
sidney14,1,42,180,0.7497675785926315,0.3923006146928011,0.34789745997563715,
sidney14,1,42,200,0.7553501146281983,0.3947030468264157,0.3493347114360974,
sidney14,1,42,220,0.7596495858390083,0.3937912916920777,0.3470796690081514,
sidney14,1,42,240,0.7615609299362202,0.39474409940979405,0.34711580745311915,
sidney14,1,42,260,0.7645002924953396,0.3943551977101138,0.34605177769167916,
sidney14,1,42,280,0.7634957336635216,0.394257144386495,0.3457368744632081,
sidney14,1,42,300,0.7639012554409416,0.39434060955861583,0.34585422260551363,
sidney14,1,42,320,0.7637921832117786,0.39443974901381895,0.3457692893846519,
sidney14,1,42,340,0.7639956042304041,0.3944462238385642,0.3457531654536937,
sidney14,1,42,360,0.7639965329530081,0.3944449525230779,0.3457212238562577,
sidney14,1,42,380,0.7639970808794496,0.39444673051382656,0.34572188543630145,
sidney14,1,42,400,0.7639971630843322,0.3944516809986248,0.3457212238562577,
sidney14,1,42,420,0.763997335159981,0.3944499030078762,0.3457212238562577,
sidney14,1,42,440,0.7639967246331566,0.3944516809986248,0.3457212238562577,
sidney14,1,42,460,0.7639975382087477,0.3944516809986248,0.3457212238562577,
sidney14,1,42,480,0.7639958214328418,0.3944499030078762,0.3457212238562577,
sidney14,1,42,500,0.7639960554931685,0.39445066225320297,0.3457171396734794,
sidney14,2,42,20,,,0.2598285983723366,0.41882730273799385
sidney14,2,42,40,,,0.29579577703887516,0.5587850392448621
sidney14,2,42,60,,,0.33336009570141056,0.6155904982485809
sidney14,2,42,80,,,0.3523256301548424,0.6532526387910127
sidney14,2,42,100,,,0.36587769813251697,0.6770530259583918
sidney14,2,42,120,,,0.3652193697400665,0.6966617801173642
sidney14,2,42,140,,,0.36251662634535675,0.7107723606838632
sidney14,2,42,160,,,0.3699474615395665,0.7210185587879161
sidney14,2,42,180,,,0.36950991082164697,0.7374589864133385
sidney14,2,42,200,,,0.36906829199441393,0.7441692231479508
sidney14,2,42,220,,,0.36808922343532197,0.750054801839324
sidney14,2,42,240,,,0.3638407159233915,0.7573485925870888
both,1,42,20,0.4444554076801304,0.2355271708345357,0.2650621339633561,
both,1,42,40,0.5831976798868191,0.33275826521112223,0.32759453783208276,
both,1,42,60,0.6505624367085904,0.36198050114159935,0.34334458566452997,
both,1,42,80,0.6962607171297543,0.38383958072926655,0.35346691559641497,
both,1,42,100,0.7318025956942245,0.3890341971182415,0.3606004178468941,
both,1,42,120,0.753393025500031,0.3879802034432135,0.35795902101976207,
both,1,42,140,0.7738571102903447,0.39709566733429075,0.36416317840771667,
both,1,42,160,0.7849995205886763,0.3983925825747968,0.3614419295029699,
both,1,42,180,0.7932566884455076,0.3990292043183811,0.36073455394051257,
both,1,42,200,0.8004402529855889,0.40326248682545507,0.35285648738513853,
both,1,42,220,0.8080181807168306,0.40422461011824207,0.3573439353837437,
both,1,42,240,0.813007537886805,0.40232545102579714,0.35958371978816595,
both,1,42,260,0.8139148677894681,0.40380472663490674,0.3583503250514277,
both,1,42,280,0.814042915694956,0.4038701733878009,0.35822485758402844,
both,1,42,300,0.814249344422825,0.4038139458342761,0.35820522948838224,
both,1,42,320,0.8141499188386099,0.4038322286465205,0.35820299192685723,
both,1,42,340,0.8141485243799936,0.4038537393550356,0.35820094723279633,
both,1,42,360,0.8141507567898646,0.4038466212768518,0.3581992970199995,
both,1,42,380,0.8141515459898888,0.40384601748680526,0.3581971206285308,
both,1,42,400,0.8141523462838203,0.40384998725344706,0.3581937656199387,
both,1,42,420,0.8141523155768849,0.4038461261729455,0.3582001922722631,
both,1,42,440,0.8141525559346563,0.40384692414319645,0.3582012810043461,
both,1,42,460,0.8141524525078051,0.40384746673042743,0.35819938359408954,
both,1,42,480,0.8141526371425682,0.40384666876017644,0.35819758233733145,
both,1,42,500,0.8141527265539285,0.40384165371239344,0.3581976421366133,
both,2,42,20,,,0.3076177683029968,0.48402777861182356
both,2,42,40,,,0.34736840987826667,0.6006032860538102
both,2,42,60,,,0.37852587091881895,0.6560494429499631
both,2,42,80,,,0.38416670882588894,0.6967612395940258
both,2,42,100,,,0.3847769519162818,0.7174953393539741
both,2,42,120,,,0.3855642226625362,0.7341445028944732
both,2,42,140,,,0.38802554698043035,0.7468430953477933
both,2,42,160,,,0.38903673104141834,0.7586010129760977
both,2,42,180,,,0.38733265637325387,0.7628302105728714
both,2,42,200,,,0.38760940028896784,0.765325509548128
both,2,42,220,,,0.38656207772926765,0.7680584464000673
