allele,n_samples,pcc,scc
HLA-A*01:01,49,0.3769339621067047,0.3765742247874683
HLA-A*02:01,197,0.5775671005249023,0.6077071022823436
HLA-A*02:03,80,0.3228885531425476,0.42893570368678874
HLA-A*02:05,3,-0.0780743658542633,0.5
HLA-A*02:10,79,0.6509101986885071,0.6580553434439274
HLA-A*02:11,80,0.3078852593898773,0.31551062392984025
HLA-A*02:12,81,0.39920574426651,0.5384502544383812
HLA-A*02:16,80,0.3177490830421448,0.3679620243276164
HLA-A*02:19,72,0.3656361401081085,0.480947747622917
HLA-A*02:50,79,0.46072709560394287,0.4725409201162564
HLA-A*03:01,165,0.7150652408599854,0.7153440731941811
HLA-A*11:01,113,0.7859205603599548,0.7803304724532111
HLA-A*23:01,67,0.6123964786529541,0.7240925182219901
HLA-A*24:02,122,0.5760189294815063,0.6072312618592052
HLA-A*24:03,101,0.618265688419342,0.6815033503434085
HLA-A*24:07,65,0.7453060150146484,0.7586253009290024
HLA-A*24:19,69,0.36542394757270813,0.4104210639693569
HLA-A*25:01,80,0.41497814655303955,0.3602117275763087
HLA-A*26:01,50,0.5673192739486694,0.46493811413278585
HLA-A*26:02,77,0.5857647061347961,0.5771194780983093
HLA-A*26:03,73,0.5845960378646851,0.5728913342012822
HLA-A*29:02,91,0.5597527623176575,0.515612717502454
HLA-A*30:01,77,0.5785400867462158,0.5764842442668782
HLA-A*30:02,84,0.33423033356666565,0.33340373423551456
HLA-A*31:01,75,0.684566855430603,0.759266401303266
HLA-A*32:01,4,0.9371991753578186,0.316227766016838
HLA-A*32:07,68,0.6321439146995544,0.6741494863016612
HLA-A*33:03,73,0.6854041814804077,0.6818263550781163
HLA-A*43:01,84,0.5810235738754272,0.5151587355657354
HLA-A*66:01,83,0.4315355122089386,0.29890698774618346
HLA-A*68:01,76,0.6628555059432983,0.6656584114763617
HLA-A*68:02,3,0.6353819966316223,0.8660254037844387
HLA-A*68:23,81,0.27778488397598267,0.2803531782049416
HLA-A*74:01,72,0.6059659719467163,0.6298486863492438
HLA-A*80:01,85,0.46300047636032104,0.4083779901677352
HLA-B*07:02,124,0.6131342649459839,0.5794437807630575
HLA-B*08:01,95,0.17458179593086243,0.23243847323551964
HLA-B*08:03,73,0.4389386475086212,0.49062829986944473
HLA-B*14:01(C67S),80,0.220453143119812,0.3006358219118911
HLA-B*14:02(C67S),81,0.36795157194137573,0.3708147727435137
HLA-B*15:01,229,0.4733903408050537,0.5074319632285686
HLA-B*15:02,79,0.47900429368019104,0.4915978759975365
HLA-B*15:10,74,0.35138410329818726,0.3721868030537437
HLA-B*15:17,72,0.4891456663608551,0.46484604711009797
HLA-B*18:01,72,0.4770316481590271,0.4653353777908718
HLA-B*27:02,71,0.6009934544563293,0.6117577703140159
HLA-B*27:03,74,0.6486514210700989,0.6645856277891826
HLA-B*27:05,69,0.561585009098053,0.5858452845367255
HLA-B*27:20,75,0.6754186153411865,0.6927213349168111
HLA-B*35:01,140,0.5112826824188232,0.49181637324668737
HLA-B*35:03,77,0.4692002534866333,0.4746655168065222
HLA-B*35:08,7,0.3016319274902344,0.5357142857142858
HLA-B*39:01,133,0.4681822955608368,0.46097193324574076
HLA-B*39:02,74,0.5554801821708679,0.43772538929995164
HLA-B*39:06(C67S),76,0.3949190676212311,0.16687287254774258
HLA-B*39:10,75,0.6294256448745728,0.58730932092837
HLA-B*40:01,71,0.32642167806625366,0.35994857512972434
HLA-B*40:02,4,0.9193031787872314,0.19999999999999998
HLA-B*41:01,74,0.6065451502799988,0.47319193205918475
HLA-B*42:01,70,0.7231537699699402,0.6305806617915165
HLA-B*42:02,78,0.6422582864761353,0.6618151314942984
HLA-B*44:05,68,0.38067343831062317,0.429284599664144
HLA-B*45:01,76,0.5012413263320923,0.3573350390357496
HLA-B*46:01,81,0.36731860041618347,0.34416491515791064
HLA-B*51:01,73,0.5729987025260925,0.5699597830896198
HLA-B*54:01,73,0.6461626291275024,0.6578297387165634
HLA-B*55:01,79,0.756614089012146,0.70853346392154
HLA-B*56:01,75,0.7610801458358765,0.7398372117807284
HLA-B*57:01,66,0.4452064037322998,0.5899473311143089
HLA-B*57:02,74,0.4604305922985077,0.4465988055766495
HLA-B*57:03,74,0.4076848328113556,0.4658776292531203
HLA-B*58:01,77,0.5091224908828735,0.5766285243528656
HLA-B*81:01,76,0.48351186513900757,0.4898293283204906
