feature,status,mean,sd,within_allele_sd,between_allele_sd,within_over_between,per_allele_scc,per_allele_scc_sd,n_alleles,abs_scc
pocketB_plddt_mean,ok,0.5451893386244774,0.0278058356323967,0.0231668007946983,0.0164807630933807,1.4056873861625363,0.1480447524217898,0.2142947156684066,10.0,0.1480447524217898
hla_plddt_mean,ok,0.5648974333206812,0.0184039388920048,0.0133321676544936,0.0134227020620661,0.9932551279798988,0.1138622439319999,0.1270125442114941,10.0,0.1138622439319999
conf_complex_plddt,ok,0.560044791897138,0.0181905807520746,0.0132195201264263,0.0131970079349991,1.001705855716544,0.1132234287604891,0.1353555223392716,10.0,0.1132234287604891
conf_ptm,ok,0.6477365815639495,0.0377487464637808,0.035539364774496,0.0146945855391355,2.418534682713253,0.1131558795886092,0.1378251135187406,10.0,0.1131558795886092
iptm_pair_01,ok,0.5179087510704994,0.0483183091915102,0.0449639272285684,0.0193562675892227,2.32296474624083,0.1096875374335103,0.2186367064219904,10.0,0.1096875374335103
pep_plddt_mean,ok,0.4619136849045753,0.0428152690819839,0.0418085144954904,0.0116809636062349,3.5792008180878283,0.093064750406188,0.2012113751285062,10.0,0.093064750406188
pae_pep_to_hla,ok,8.638606796264648,1.131723193407081,1.104162301849581,0.30679458858499,3.599027958551164,-0.0906465647195303,0.1903488303593369,10.0,0.0906465647195303
ptm_chain_0,ok,0.6463235040505727,0.0385510662236597,0.0361900737757557,0.0153106233625428,2.3637230776830425,0.090462962045259,0.1351952538188724,10.0,0.090462962045259
pep_plddt_P5,ok,0.4323132407665253,0.0562712138687687,0.0554160476191324,0.0123707395805234,4.479606676578961,0.0881750138465755,0.1915429941252683,10.0,0.0881750138465755
conf_complex_pde,ok,0.9147021691004436,0.1004426917653424,0.0966038629641292,0.0326350952509272,2.960121985897518,-0.0871809056275294,0.1553123781924694,10.0,0.0871809056275294
conf_complex_iplddt,ok,0.5522344172994296,0.0199472384091836,0.0164656030270058,0.0118154510821765,1.3935653334339504,0.0854872175797781,0.1710552050902548,10.0,0.0854872175797781
pep_plddt_P8,ok,0.4750044258435567,0.0654629549611937,0.0641188194478561,0.0171505734992454,3.738581654466364,0.0774864163767423,0.1263391695803574,10.0,0.0774864163767423
pep_plddt_P9,ok,0.4918176488081614,0.0768735799724047,0.0759709004494843,0.0156103208441988,4.866709736956941,0.070179584289479,0.2227401148545028,10.0,0.070179584289479
pae_pep_to_B,ok,6.872000417709351,1.180353506772255,1.1598544739300238,0.2690160113562128,4.311470042555285,-0.0700396366247586,0.216629098059082,10.0,0.0700396366247586
conf_confidence_score,ok,0.5906288357575734,0.0177840347005108,0.0148790706638634,0.0104609037535415,1.4223504024521996,0.067929857274544,0.1685481640528533,10.0,0.067929857274544
pep_plddt_P4,ok,0.4450172862410545,0.0608631127854106,0.0592375375951188,0.01666184120828,3.555281607514112,0.0622999090546241,0.2051300262584249,10.0,0.0622999090546241
pep_plddt_std,ok,0.0548087906961639,0.0172762319169627,0.0168438928202568,0.0047455188267004,3.549431249853129,0.0599644842326513,0.2446774174729781,10.0,0.0599644842326513
pae_B_to_pep,ok,5.579732077916463,0.8543483925721187,0.8142870734087465,0.2775943490296979,2.9333704963915945,-0.0587682103716632,0.2111873368799229,10.0,0.0587682103716632
pae_pep_to_F,ok,7.404833563168844,1.080532165282857,1.0586975029655457,0.2839138619918113,3.7289391068762994,-0.0585657618566649,0.1724364782145132,10.0,0.0585657618566649
pep_plddt_P6,ok,0.4279999879002571,0.0532434801125536,0.0527820234589383,0.0108554586659085,4.862256407893635,0.0550865395910546,0.1983468238900603,10.0,0.0550865395910546
pep_plddt_P7,ok,0.4534761748711268,0.0622964780323304,0.0608211075920558,0.0174274819864181,3.489953834951939,0.0501770198251559,0.1465863708748142,10.0,0.0501770198251559
pep_plddt_P2,ok,0.4758793121079603,0.0756705511101077,0.0736623282458893,0.0208223269450158,3.537660725451331,0.0415744714434121,0.2438499404699365,10.0,0.0415744714434121
pae_F_to_pep,ok,6.038442800839742,0.7901051743186803,0.7697322394484188,0.2131254737187339,3.6116388436243447,-0.0322795635553915,0.1666573643943339,10.0,0.0322795635553915
pep_plddt_P1,ok,0.5061342880626519,0.0790903125806813,0.077812586512241,0.0134946026858349,5.766200630265283,0.0280435030997686,0.1660049514786562,10.0,0.0280435030997686
conf_complex_ipde,ok,1.642386598587036,0.2557071632118996,0.2467549888755475,0.0718874937291113,3.432516228836372,-0.0257960821673188,0.2103526761864011,10.0,0.0257960821673188
pep_plddt_min,ok,0.3775510448217392,0.0516394111905708,0.0513585103864338,0.0100769156405648,5.096649830002443,0.0190836423145753,0.1867519977003185,10.0,0.0190836423145753
pae_pep_pep,ok,3.585094524224599,0.660766144786686,0.6459558058082658,0.1578295749578389,4.092742478593257,0.0097185819027984,0.202900910605895,10.0,0.0097185819027984
pocketF_plddt_mean,ok,0.5672080093622207,0.0262560595817473,0.021564468987735,0.0158800503996142,1.357959732184409,-0.0041739560029894,0.2477361328676265,10.0,0.0041739560029894
ptm_chain_1,ok,0.81562795261542,0.0412476364885102,0.0399454376782396,0.0116087247051937,3.440984147067263,0.0013171215434783,0.1918425135886944,10.0,0.0013171215434783
iptm_pair_10,ok,0.71296495338281,0.0445090508012563,0.0426444804623354,0.01365666661792,3.12261268839776,-0.0008766830343689,0.2021032373921061,10.0,0.0008766830343689
conf_iptm,ok,0.71296495338281,0.0445090508012563,0.0426444804623354,0.01365666661792,3.12261268839776,-0.0008766830343689,0.2021032373921061,10.0,0.0008766830343689
conf_protein_iptm,ok,0.71296495338281,0.0445090508012563,0.0426444804623354,0.01365666661792,3.12261268839776,-0.0008766830343689,0.2021032373921061,10.0,0.0008766830343689
pep_plddt_P3,ok,0.4495807733635107,0.0691215914860373,0.0679750748848666,0.016033249706854,4.239631773202406,0.0005371401874027,0.2422841237323507,10.0,0.0005371401874027
conf_ligand_iptm,constant/empty,,,,,,,,,
