split,fold,n_train,n_test,peptides_in_both,test_rows_with_seen_peptide
random,holdout,800,200,52,59
peptide_disjoint,holdout,805,195,0,0
leave_one_allele_out,HLA-A*01:01,986,14,2,2
leave_one_allele_out,HLA-A*02:01,986,14,4,4
leave_one_allele_out,HLA-A*02:03,986,14,1,1
leave_one_allele_out,HLA-A*02:05,986,14,7,7
leave_one_allele_out,HLA-A*02:10,986,14,7,7
leave_one_allele_out,HLA-A*02:11,986,14,5,5
leave_one_allele_out,HLA-A*02:12,986,14,6,6
leave_one_allele_out,HLA-A*02:16,986,14,6,6
leave_one_allele_out,HLA-A*02:19,986,14,7,7
leave_one_allele_out,HLA-A*02:50,986,14,7,7
leave_one_allele_out,HLA-A*03:01,986,14,2,2
leave_one_allele_out,HLA-A*11:01,986,14,2,2
leave_one_allele_out,HLA-A*23:01,986,14,3,3
leave_one_allele_out,HLA-A*24:02,986,14,2,2
leave_one_allele_out,HLA-A*24:03,986,14,3,3
leave_one_allele_out,HLA-A*24:07,986,14,3,3
leave_one_allele_out,HLA-A*24:19,986,14,4,4
leave_one_allele_out,HLA-A*25:01,986,14,5,5
leave_one_allele_out,HLA-A*26:01,986,14,3,3
leave_one_allele_out,HLA-A*26:02,986,14,5,5
leave_one_allele_out,HLA-A*26:03,986,14,5,5
leave_one_allele_out,HLA-A*29:02,986,14,2,2
leave_one_allele_out,HLA-A*30:01,986,14,1,1
leave_one_allele_out,HLA-A*30:02,986,14,1,1
leave_one_allele_out,HLA-A*31:01,986,14,2,2
leave_one_allele_out,HLA-A*32:01,986,14,6,6
leave_one_allele_out,HLA-A*32:07,986,14,5,5
leave_one_allele_out,HLA-A*33:03,986,14,2,2
leave_one_allele_out,HLA-A*43:01,986,14,5,5
leave_one_allele_out,HLA-A*66:01,986,14,6,6
leave_one_allele_out,HLA-A*68:01,986,14,2,2
leave_one_allele_out,HLA-A*68:02,987,13,10,10
leave_one_allele_out,HLA-A*68:23,987,13,4,4
leave_one_allele_out,HLA-A*69:01,987,13,11,11
leave_one_allele_out,HLA-A*74:01,987,13,1,1
leave_one_allele_out,HLA-A*80:01,987,13,3,3
leave_one_allele_out,HLA-B*07:02,987,13,3,3
leave_one_allele_out,HLA-B*08:01,987,13,5,5
leave_one_allele_out,HLA-B*08:03,987,13,3,3
leave_one_allele_out,HLA-B*13:02,993,7,5,5
leave_one_allele_out,HLA-B*14:01(C67S),987,13,2,2
leave_one_allele_out,HLA-B*14:02(C67S),987,13,2,2
leave_one_allele_out,HLA-B*15:01,987,13,3,3
leave_one_allele_out,HLA-B*15:02,987,13,3,3
leave_one_allele_out,HLA-B*15:10,987,13,4,4
leave_one_allele_out,HLA-B*15:17,987,13,5,5
leave_one_allele_out,HLA-B*18:01,987,13,4,4
leave_one_allele_out,HLA-B*27:02,987,13,3,3
leave_one_allele_out,HLA-B*27:03,987,13,1,1
leave_one_allele_out,HLA-B*27:05,987,13,1,1
leave_one_allele_out,HLA-B*27:20,987,13,3,3
leave_one_allele_out,HLA-B*35:01,987,13,2,2
leave_one_allele_out,HLA-B*35:03,987,13,5,5
leave_one_allele_out,HLA-B*35:08,987,13,3,3
leave_one_allele_out,HLA-B*39:01,987,13,6,6
leave_one_allele_out,HLA-B*39:02,987,13,4,4
leave_one_allele_out,HLA-B*39:06(C67S),987,13,5,5
leave_one_allele_out,HLA-B*39:10,987,13,7,7
leave_one_allele_out,HLA-B*40:01,987,13,1,1
leave_one_allele_out,HLA-B*40:02,987,13,3,3
leave_one_allele_out,HLA-B*41:01,987,13,4,4
leave_one_allele_out,HLA-B*42:01,987,13,2,2
leave_one_allele_out,HLA-B*42:02,987,13,8,8
leave_one_allele_out,HLA-B*44:05,987,13,7,7
leave_one_allele_out,HLA-B*45:01,987,13,4,4
leave_one_allele_out,HLA-B*46:01,987,13,2,2
leave_one_allele_out,HLA-B*51:01,987,13,5,5
leave_one_allele_out,HLA-B*54:01,987,13,4,4
leave_one_allele_out,HLA-B*55:01,987,13,5,5
leave_one_allele_out,HLA-B*56:01,987,13,5,5
leave_one_allele_out,HLA-B*57:01,987,13,4,4
leave_one_allele_out,HLA-B*57:02,987,13,3,3
leave_one_allele_out,HLA-B*57:03,987,13,3,3
leave_one_allele_out,HLA-B*58:01,987,13,1,1
leave_one_allele_out,HLA-B*81:01,987,13,4,4
