allele,n,scc,pcc
HLA-A*23:01,372,0.8130434838036599,0.78853166
HLA-A*02:16,368,0.6976911156394721,0.74833477
HLA-A*02:03,365,0.6088979783405731,0.5004892
HLA-B*35:03,357,0.5818709781387046,0.59774256
HLA-A*74:01,304,0.561357719763202,0.5785779
HLA-A*25:01,256,0.5471297982222239,0.55762774
HLA-B*08:03,203,0.43913582415560704,0.43674928
HLA-B*58:01,320,0.4230392263464641,0.38422176
HLA-B*39:10,341,0.3249342356996939,0.22936338
HLA-B*18:01,315,0.3083793654359462,0.28761002
HLA-B*39:01,547,0.30455868218940163,0.31521326
HLA-A*68:01,287,0.2446635264764243,0.27528402
HLA-A*80:01,182,0.21122751800098621,0.29806232
HLA-B*46:01,213,0.1929728457381784,0.19388476
HLA-B*14:01(C67S),41,0.07407867238354605,0.07851237
HLA-B*14:02(C67S),96,0.049181066493423305,0.09927383
