allele,native_pdb,configuration,subset,n,spearman,pearson_log,auc_gt_2h
HLA-A*02:01,1HHK,native_template,all,1023,0.1914857686581801,0.19007352438566152,0.5700043838673681
HLA-A*02:01,1HHK,native_template,nonzero,1007,0.21082871868450032,0.2217984378791193,0.5772088103534097
HLA-A*02:01,1HHK,shared_1HHK,all,1023,0.1914857686581801,0.19007352438566152,0.5700043838673681
HLA-A*02:01,1HHK,shared_1HHK,nonzero,1007,0.21082871868450032,0.2217984378791193,0.5772088103534097
HLA-A*02:01,1HHK,non_native_ensemble,all,1023,0.10891017285639942,0.0967763904454089,0.5517136936075243
HLA-A*02:01,1HHK,non_native_ensemble,nonzero,1007,0.11123831707697546,0.10498792583968836,0.5525053924008627
HLA-B*27:05,5IB1,native_template,all,366,0.15664558512735824,0.17536845434752585,0.5821476466162954
HLA-B*27:05,5IB1,native_template,nonzero,307,0.10567305756060383,0.12826548598325754,0.5643236651859593
HLA-B*27:05,5IB1,shared_1HHK,all,366,0.07170754987421452,0.09729915588777038,0.526085107774834
HLA-B*27:05,5IB1,shared_1HHK,nonzero,307,-0.0006464358011454625,0.02886031145970011,0.502917864297535
HLA-B*27:05,5IB1,non_native_ensemble,all,366,0.09094650495200697,0.08734212922819007,0.543813168481994
HLA-B*27:05,5IB1,non_native_ensemble,nonzero,307,0.05043236866592946,0.055251642008639405,0.5286124902012019
HLA-A*03:01,7MLE,native_template,all,861,-0.006613204148082901,-0.011982502771135013,0.4866080579406472
HLA-A*03:01,7MLE,native_template,nonzero,683,-0.07381433434500087,-0.08873052929321597,0.46786290460989255
HLA-A*03:01,7MLE,shared_1HHK,all,861,0.22997970577164067,0.23098414596123337,0.6125845537158084
HLA-A*03:01,7MLE,shared_1HHK,nonzero,683,0.12377976580292158,0.13002715986663788,0.5735248687055916
HLA-A*03:01,7MLE,non_native_ensemble,all,861,0.1298261898159337,0.12600203837886137,0.5656444302730772
HLA-A*03:01,7MLE,non_native_ensemble,nonzero,683,0.04573662515995277,0.042530850012844075,0.5381440291078845
HLA-A*01:01,4NQX,native_template,all,220,0.21506286349630563,0.22329649576959876,0.5863620923913043
HLA-A*01:01,4NQX,native_template,nonzero,207,0.19719498107995453,0.2046222558329998,0.5772211720226843
HLA-A*01:01,4NQX,shared_1HHK,all,220,0.08189906877979045,0.08710105846730007,0.5518851902173912
HLA-A*01:01,4NQX,shared_1HHK,nonzero,207,0.025300429392036097,0.02807153577576841,0.5346880907372401
HLA-A*01:01,4NQX,non_native_ensemble,all,220,-0.014522459069236816,-0.008024176265828901,0.5030570652173914
HLA-A*01:01,4NQX,non_native_ensemble,nonzero,207,-0.042940810108889005,-0.044097805856007005,0.49565217391304345
HLA-B*35:01,3LKN,native_template,all,650,0.3251937878114896,0.31185263409559744,0.6838463373896445
HLA-B*35:01,3LKN,native_template,nonzero,565,0.31850460073247594,0.31992921946179176,0.6754310453958529
HLA-B*35:01,3LKN,shared_1HHK,all,650,0.15024349508508258,0.1543379061055792,0.580211564463533
HLA-B*35:01,3LKN,shared_1HHK,nonzero,565,0.1188365776783777,0.13857621540713816,0.5684229181963187
HLA-B*35:01,3LKN,non_native_ensemble,all,650,0.14566701796431958,0.15620661656830304,0.5745347172512527
HLA-B*35:01,3LKN,non_native_ensemble,nonzero,565,0.12636157237346313,0.1402481487839708,0.5650555738410512
