template1,template2,hla_ca_rmsd,peptide_ca_rmsd,P1_distance,P2_distance,P3_distance,P4_distance,P5_distance,P6_distance,P7_distance,P8_distance,P9_distance
1HHK,1HHK,1.2076607163180597e-06,6.456405685639766e-07,9.5367431640625e-07,9.5367431640625e-07,0.0,9.5367431640625e-07,4.76837158203125e-07,0.0,6.743495646333031e-07,3.3717478231665154e-07,4.76837158203125e-07
1HHK,5IB1,0.5552381277084351,1.7530587911605835,0.3887558579444885,0.4236519932746887,0.278692364692688,1.918895959854126,3.879335403442383,1.4483708143234253,2.1422102451324463,1.1483234167099,0.7167709469795227
1HHK,7MLE,0.6072059273719788,1.0980401039123535,0.5340251326560974,0.8887299299240112,0.7897483110427856,0.7537716627120972,0.7766160368919373,2.094966173171997,1.5763577222824097,0.7436577081680298,0.7445700168609619
1HHK,4NQX,0.5783175826072693,1.6242916584014893,0.5167603492736816,0.7141517400741577,0.9570871591567993,1.1953562498092651,2.765314817428589,2.976264476776123,1.0903432369232178,1.244850993156433,1.174456238746643
1HHK,3LKN,0.8163554072380066,1.2177340984344482,0.4388074278831482,1.0615125894546509,0.9175593852996826,0.9172197580337524,1.3320508003234863,2.0024585723876953,1.3108007907867432,1.437795639038086,0.8795819282531738
5IB1,1HHK,0.5552380681037903,1.7530584335327148,0.38875553011894226,0.4236517548561096,0.27869322896003723,1.918895959854126,3.8793370723724365,1.448369026184082,2.1422080993652344,1.1483217477798462,0.7167695164680481
5IB1,5IB1,6.133162173682649e-07,2.5443728191021364e-07,0.0,0.0,0.0,2.384185791015625e-07,1.1920928955078125e-07,4.76837158203125e-07,0.0,4.76837158203125e-07,2.384185791015625e-07
5IB1,7MLE,0.6680803298950195,1.7239325046539307,0.6601408123970032,0.966362714767456,0.6247743964195251,2.1451926231384277,3.4811007976531982,2.6022889614105225,0.8141096830368042,0.760223388671875,0.5049435496330261
5IB1,4NQX,0.5584496259689331,1.7460464239120483,0.5257421135902405,0.6638951897621155,0.8611583709716797,1.689825415611267,2.2690696716308594,3.933208465576172,1.443366527557373,0.38050755858421326,0.5262455940246582
5IB1,3LKN,0.6862544417381287,1.7858079671859741,0.2517542243003845,0.7829768657684326,0.8288261294364929,1.7881929874420166,2.6804347038269043,3.314000129699707,1.8053500652313232,1.3896491527557373,0.8850032091140747
7MLE,1HHK,0.6072059273719788,1.0980404615402222,0.5340264439582825,0.8887304663658142,0.7897487878799438,0.7537738680839539,0.7766146063804626,2.0949676036834717,1.5763574838638306,0.743656575679779,0.7445684671401978
7MLE,5IB1,0.6680801510810852,1.7239326238632202,0.6601400375366211,0.9663641452789307,0.6247744560241699,2.1451921463012695,3.4810996055603027,2.602290153503418,0.8141120076179504,0.7602224946022034,0.5049433708190918
7MLE,7MLE,5.556950100071845e-07,1.6141014214099414e-07,0.0,0.0,2.384185791015625e-07,0.0,1.7881393432617188e-07,2.980232238769531e-07,0.0,0.0,2.384185791015625e-07
7MLE,4NQX,0.5298558473587036,1.168437123298645,0.372389018535614,0.5552024245262146,0.3188728094100952,0.8064516186714172,2.158998489379883,1.7914223670959473,1.263872504234314,0.9496292471885681,0.8477046489715576
7MLE,3LKN,0.9023112058639526,1.2354382276535034,0.5933517813682556,1.0506352186203003,1.166540265083313,1.1845980882644653,0.8713840842247009,1.8954635858535767,1.7547698020935059,1.2406706809997559,0.7390567660331726
4NQX,1HHK,0.5783176422119141,1.6242928504943848,0.5167625546455383,0.7141532301902771,0.9570889472961426,1.195357322692871,2.7653167247772217,2.9762651920318604,1.0903445482254028,1.2448517084121704,1.1744579076766968
4NQX,5IB1,0.5584496259689331,1.7460464239120483,0.5257415175437927,0.6638951301574707,0.8611603379249573,1.6898266077041626,2.2690694332122803,3.933208703994751,1.4433670043945312,0.38050541281700134,0.5262439250946045
4NQX,7MLE,0.529856264591217,1.1684362888336182,0.37239208817481995,0.5552014112472534,0.3188735842704773,0.8064512014389038,2.1589958667755127,1.79142165184021,1.263870120048523,0.9496296644210815,0.8477050065994263
4NQX,4NQX,5.5468266424441026e-08,3.973643103449831e-08,0.0,1.1920928955078125e-07,0.0,0.0,0.0,0.0,0.0,0.0,0.0
4NQX,3LKN,0.8559407591819763,1.2663551568984985,0.3300183117389679,0.5659825801849365,1.311972737312317,1.5497918128967285,1.8570332527160645,1.5003315210342407,0.9920781254768372,1.156416654586792,1.3636113405227661
3LKN,1HHK,0.816355288028717,1.2177337408065796,0.438806414604187,1.0615118741989136,0.9175605177879333,0.917220950126648,1.3320506811141968,2.0024573802948,1.3107993602752686,1.4377950429916382,0.8795813918113708
3LKN,5IB1,0.6862545013427734,1.7858079671859741,0.2517554759979248,0.7829776406288147,0.8288270831108093,1.788192868232727,2.6804349422454834,3.314000129699707,1.8053492307662964,1.3896483182907104,0.8850023746490479
3LKN,7MLE,0.9023112058639526,1.2354391813278198,0.593349277973175,1.0506349802017212,1.1665445566177368,1.1846004724502563,0.87138432264328,1.8954635858535767,1.75477135181427,1.2406730651855469,0.7390564680099487
3LKN,4NQX,0.855940580368042,1.2663553953170776,0.3300175368785858,0.5659840703010559,1.3119724988937378,1.5497920513153076,1.8570343255996704,1.5003321170806885,0.9920793175697327,1.1564158201217651,1.363610863685608
3LKN,3LKN,1.070871576303034e-06,3.349724408963084e-07,0.0,0.0,0.0,0.0,2.086162567138672e-07,2.384185791015625e-07,0.0,0.0,9.5367431640625e-07
