model,seed,epoch,train_scc,test_scc
mlp,42,5,0.28746053051609244,0.19358452596234982
mlp,42,10,0.3007701377488052,0.20311041596003906
mlp,42,15,0.3029938297819421,0.20117994676024342
mlp,42,20,0.2998351357397126,0.20329845964988627
mlp,42,25,0.30232280495143776,0.20597304352286377
mlp,42,30,0.30655271712144694,0.2065748040137061
mlp,42,35,0.3157079936454888,0.21311931573367845
mlp,42,40,0.33148177476111584,0.22262566762935382
mlp,42,45,0.35622246477482544,0.23758749685951255
mlp,42,50,0.3907310974142163,0.2598527865237828
mlp,42,55,0.41919153735950615,0.2906382538522593
mlp,42,60,0.45184723638616836,0.32120714533533
mlp,42,65,0.47967946105145437,0.34343897547346897
mlp,42,70,0.5013786652341978,0.36104680171321224
mlp,42,75,0.5223857245959916,0.3775201845999101
mlp,42,80,0.5430276075964445,0.38978306699204734
mlp,42,85,0.5578252192002884,0.3976105645305331
mlp,42,90,0.5749414731325416,0.4091201384465757
mlp,1,5,0.2925186638271405,0.194547689161221
mlp,1,10,0.30019233260280437,0.20118367249936472
mlp,1,15,0.30057823876320805,0.2011555309978052
mlp,1,20,0.302243498584813,0.2022364853713179
mlp,1,25,0.31351366079793413,0.205490051874282
mlp,1,30,0.35874346181090266,0.23401388134899032
mlp,1,35,0.4091379646518024,0.2850490613975597
mlp,1,40,0.46440126976119994,0.33555704071695514
mlp,1,45,0.49672978080686225,0.3675259310318477
mlp,1,50,0.5395303879773987,0.3883950431375366
mlp,1,55,0.5643783319022887,0.4045703072812632
mlp,1,60,0.5934859190980047,0.41729217102680083
mlp,1,65,0.616419818421413,0.4289757421252617
mlp,1,70,0.6409363241311743,0.4375614779999171
mlp,1,75,0.6575445391014119,0.44169394590834776
mlp,1,80,0.6732108728370437,0.4483447891859611
mlp,1,85,0.6843049663552184,0.4517567606741911
mlp,1,90,0.6994172894786997,0.45389298256096644
mlp,2,5,0.2944715359202204,0.19524665256791168
mlp,2,10,0.2933888520632268,0.20245505222430804
mlp,2,15,0.29788584069558044,0.2026784824231539
mlp,2,20,0.3006563915615636,0.20195992215331005
mlp,2,25,0.30445031233368536,0.20363428020226143
mlp,2,30,0.32100615466492205,0.21067209964716316
mlp,2,35,0.3732656696369851,0.24048470115401593
mlp,2,40,0.44125248715547366,0.30507098427806995
mlp,2,45,0.49345494898321746,0.35090413103622653
mlp,2,50,0.5359312488467403,0.3729978964731902
mlp,2,55,0.5658163641818742,0.39762298604531776
mlp,2,60,0.5913907938318393,0.41253788104775374
mlp,2,65,0.6137417517357675,0.4185577749878688
mlp,2,70,0.6396867706259771,0.42670409403136267
mlp,2,75,0.6525064369750371,0.4308456933263752
mlp,2,80,0.6736474481401917,0.43713196869626325
mlp,2,85,0.6891464228852409,0.4419077014878102
mlp,2,90,0.7003686954478142,0.43906913227363575
pssm,42,5,0.5106584408390357,0.32422260180615176
pssm,42,10,0.6191359110073595,0.3962261901439506
pssm,42,15,0.6518869849135115,0.4152709244506083
pssm,42,20,0.7008015495182779,0.4282251965508597
pssm,42,25,0.7141287122313584,0.43781279921150584
pssm,42,30,0.7431786587730438,0.4510049416306161
pssm,42,35,0.7441639662018518,0.4546160652196351
pssm,42,40,0.7616125539009021,0.44670436699776855
pssm,42,45,0.7677273290021054,0.4509055772084807
pssm,42,50,0.7770034272576477,0.4605846458029389
pssm,42,55,0.7826804490971332,0.46410400103091487
pssm,42,60,0.7861016830521753,0.46584219502705626
pssm,42,65,0.785824734793248,0.4600997632198076
pssm,42,70,0.7938908121717215,0.46040532956345975
pssm,42,75,0.7958482760747035,0.47446858077708665
pssm,42,80,0.7942621532129148,0.48131943840968183
pssm,42,85,0.7967723420370509,0.46658728955987583
pssm,42,90,0.7990981414734645,0.47416739801675295
pssm,1,5,0.4884326397122582,0.32341148582175405
pssm,1,10,0.6000299686168089,0.38833109337116983
pssm,1,15,0.6591527294529204,0.3979181804018475
pssm,1,20,0.6903209194317075,0.42021344623953005
pssm,1,25,0.7112005356811125,0.42561600076426964
pssm,1,30,0.7352672491586091,0.4381512131058384
pssm,1,35,0.750517229982412,0.44221217886575737
pssm,1,40,0.7572682840326553,0.42997334983988145
pssm,1,45,0.7640464803725348,0.43020310088243235
pssm,1,50,0.7756947025152213,0.4505000505386648
pssm,1,55,0.7835483328067359,0.45401136618452853
pssm,1,60,0.7876403276823877,0.44463835234753846
pssm,1,65,0.7843013427899345,0.4434239639223593
pssm,1,70,0.7907983385849269,0.44684145765737415
pssm,1,75,0.7953591459045418,0.4443151725818582
pssm,1,80,0.8008444418681783,0.44652330622134584
pssm,1,85,0.8012427867268922,0.44291358796517244
pssm,1,90,0.8066938044116367,0.43312187752987663
pssm,2,5,0.4922936282931979,0.34084563460552975
pssm,2,10,0.5991822532038535,0.39882233889801344
pssm,2,15,0.6616985713400374,0.42457994403559823
pssm,2,20,0.6968953628079122,0.4451874007859673
pssm,2,25,0.7109379856684502,0.4346400677956483
pssm,2,30,0.7387217718611769,0.4681421352214169
pssm,2,35,0.752473431255598,0.45980990625146195
pssm,2,40,0.7512550548939373,0.4458088887816867
pssm,2,45,0.7696007164468801,0.4683448233526508
pssm,2,50,0.7827466945100066,0.4687375969233346
pssm,2,55,0.7845722394490068,0.46227999677724857
pssm,2,60,0.7844905871241215,0.4616733627352376
pssm,2,65,0.792431202216121,0.4539700951680014
pssm,2,70,0.7956832650105605,0.4488598253957995
pssm,2,75,0.7982144677829769,0.451016956160306
pssm,2,80,0.8015068874064214,0.4683574691312583
pssm,2,85,0.8057775138451717,0.4617640668797194
pssm,2,90,0.804143496100937,0.46179083984188507
bilinear,42,5,0.38245648092253093,0.22590459155902148
bilinear,42,10,0.5287738175234983,0.3443594170570206
bilinear,42,15,0.5852936509861104,0.3819911595244538
bilinear,42,20,0.6210482039636775,0.4111672098261606
bilinear,42,25,0.6363143753655262,0.41892673348054227
bilinear,42,30,0.6564321120819024,0.4484242103748193
bilinear,42,35,0.6649921000686139,0.44375925028925445
bilinear,42,40,0.6810194184127643,0.46734626940228297
bilinear,42,45,0.6911800747095485,0.4407611436826815
bilinear,42,50,0.703115215750461,0.4621058329252131
bilinear,42,55,0.712037290391578,0.4693477046214126
bilinear,42,60,0.7219379260116177,0.4522295741608793
bilinear,42,65,0.7305456333825507,0.45627097130768024
bilinear,42,70,0.7429004492069309,0.45913572067513353
bilinear,42,75,0.7430555314511731,0.4542072956484441
bilinear,42,80,0.7527119505743308,0.46048159715653825
bilinear,42,85,0.7572236660358712,0.4815966338715687
bilinear,42,90,0.755778132645168,0.47287756197118047
bilinear,1,5,0.31307030325771656,0.20378108963069735
bilinear,1,10,0.45823519594772055,0.28599402972886834
bilinear,1,15,0.5209854916513579,0.3553334480581164
bilinear,1,20,0.5890697304918815,0.36835867708766346
bilinear,1,25,0.6175936108444209,0.3813786401906672
bilinear,1,30,0.6441895490897811,0.4113562868398576
bilinear,1,35,0.6562695499663634,0.4285076904882733
bilinear,1,40,0.676251783375343,0.4414612434846684
bilinear,1,45,0.6899812276530559,0.44725441430785357
bilinear,1,50,0.7018343568444355,0.45115283597533684
bilinear,1,55,0.7176253732780988,0.4574764753993622
bilinear,1,60,0.7270351682287879,0.45802823539471593
bilinear,1,65,0.7325738803425108,0.4582858144536248
bilinear,1,70,0.738873957820006,0.4561745067144727
bilinear,1,75,0.7434244170871456,0.4435191682996378
bilinear,1,80,0.7482014961088443,0.4706789185619912
bilinear,1,85,0.7508250959705794,0.448705248256289
bilinear,1,90,0.7597237168678103,0.46275516125404603
bilinear,2,5,0.31573590835276993,0.20413801786016833
bilinear,2,10,0.48523866078606726,0.3368486860585641
bilinear,2,15,0.5532845338966923,0.37089671300885535
bilinear,2,20,0.6057847403718807,0.4111661988726293
bilinear,2,25,0.6315280823797943,0.4108159246438948
bilinear,2,30,0.6603217157712863,0.4325405528530798
bilinear,2,35,0.6715287231406273,0.43463491390961667
bilinear,2,40,0.6886387120620913,0.4446463079289239
bilinear,2,45,0.6975586667182838,0.4500190707635541
bilinear,2,50,0.7210906954077314,0.4567617059544328
bilinear,2,55,0.7252325880383713,0.45542100203552693
bilinear,2,60,0.7333872985739246,0.459224399848542
bilinear,2,65,0.7356313401938619,0.4496551526967425
bilinear,2,70,0.7425660215327066,0.46918731439107464
bilinear,2,75,0.7440440411579496,0.4747094517310788
bilinear,2,80,0.7483371119660143,0.4695945920028751
bilinear,2,85,0.7536424160538899,0.46847109787146135
bilinear,2,90,0.7603891878139705,0.47734912702747284
pssm_mlp,42,5,0.49078282965122577,0.3335102941852135
pssm_mlp,42,10,0.6035625463366843,0.3936214951968033
pssm_mlp,42,15,0.6609640267979342,0.42940452753315156
pssm_mlp,42,20,0.6943413458566101,0.4345277639935946
pssm_mlp,42,25,0.7259549335830523,0.43796708747905555
pssm_mlp,42,30,0.7342555008463536,0.44910252292440367
pssm_mlp,42,35,0.7559382737472088,0.4557653493950105
pssm_mlp,42,40,0.7560066803930005,0.4513800461014721
pssm_mlp,42,45,0.7691351765027696,0.456707913841371
pssm_mlp,42,50,0.77448718545375,0.4620601644723961
pssm_mlp,42,55,0.7785632520722976,0.4603891637130444
pssm_mlp,42,60,0.7865125538358925,0.4513589957628942
pssm_mlp,42,65,0.7900836222862796,0.463678897179006
pssm_mlp,42,70,0.7947383182309291,0.4745871642240742
pssm_mlp,42,75,0.7875994046767326,0.4455984669839465
pssm_mlp,42,80,0.7979382609554823,0.4669087529458825
pssm_mlp,42,85,0.7978760325422694,0.4686150366075327
pssm_mlp,42,90,0.8021982961697907,0.4670725767337772
pssm_mlp,1,5,0.5003711901222967,0.31918029752732424
pssm_mlp,1,10,0.5927729681109143,0.3816015277331129
pssm_mlp,1,15,0.6634437267817266,0.40721987992709957
pssm_mlp,1,20,0.679787813511685,0.4142165298608427
pssm_mlp,1,25,0.7151851120969412,0.42993661641131703
pssm_mlp,1,30,0.7249500987118191,0.4372185606755218
pssm_mlp,1,35,0.7381944213364491,0.44647088886054054
pssm_mlp,1,40,0.7489570428910889,0.4387942392849814
pssm_mlp,1,45,0.7680497834502925,0.4348788934712915
pssm_mlp,1,50,0.7788041867522951,0.45720243861520526
pssm_mlp,1,55,0.7829354137890718,0.45002927102657375
pssm_mlp,1,60,0.7883673617783696,0.4568851908236971
pssm_mlp,1,65,0.7877864604049728,0.4439874876517512
pssm_mlp,1,70,0.7938474874964375,0.4513478528115713
pssm_mlp,1,75,0.7976102069170833,0.4357909334206029
pssm_mlp,1,80,0.7995329563928355,0.4324479454378439
pssm_mlp,1,85,0.804293482457241,0.43618351439903696
pssm_mlp,1,90,0.8023080169273255,0.43680384516046045
pssm_mlp,2,5,0.49265725015826217,0.3044464647717372
pssm_mlp,2,10,0.6126678085128575,0.4103068631582464
pssm_mlp,2,15,0.6549409888424432,0.416953369611689
pssm_mlp,2,20,0.689328232892864,0.4528304072138589
pssm_mlp,2,25,0.7123607777669178,0.448956939426807
pssm_mlp,2,30,0.728445590666314,0.45294764815694183
pssm_mlp,2,35,0.7496985125685607,0.45558186477123086
pssm_mlp,2,40,0.759879824026363,0.4592325197648899
pssm_mlp,2,45,0.7723968571536278,0.4493940001577185
pssm_mlp,2,50,0.7718849358896528,0.4633579519493213
pssm_mlp,2,55,0.7815961929005467,0.4504100160635742
pssm_mlp,2,60,0.7907898805060423,0.46489428895086776
pssm_mlp,2,65,0.7934344369279687,0.4589800090853311
pssm_mlp,2,70,0.7943022928618668,0.47164064009978013
pssm_mlp,2,75,0.7990380368422355,0.4557732693267972
pssm_mlp,2,80,0.796057740957804,0.45197149936076925
pssm_mlp,2,85,0.805628422178278,0.4556077886933526
pssm_mlp,2,90,0.8003321360307124,0.465198159707479
