allele,E sigmoid squeezed
HLA-A*23:01,0.8318884398411196
HLA-A*02:16,0.6996174842163807
HLA-A*74:01,0.6816191549980382
HLA-A*02:03,0.6459847055404214
HLA-B*35:03,0.5705183652311823
HLA-A*25:01,0.5101664095523983
HLA-B*58:01,0.5557736902558279
HLA-A*68:01,0.5100263690051097
HLA-A*80:01,0.36258131601168997
HLA-B*39:10,0.42285880566007644
HLA-B*08:03,0.2867395360291686
HLA-B*18:01,0.29374959694195435
HLA-B*39:01,0.31189995726403696
HLA-B*14:01(C67S),0.09514017808848554
HLA-B*14:02(C67S),0.030506789343281705
HLA-B*46:01,0.013716826361871475
