allele,mean_hamming,mean_hla_hamming,mean_peptide_hamming,n_all,nn_spearman,n_nonzero,baseline_spearman,spearman_difference
HLA-A*01:01,15.072727272727272,11.822727272727272,3.25,220,-0.044378258785376,207,-0.03568972152998088,0.008688537255395118
HLA-A*02:01,4.102639296187683,1.0303030303030303,3.072336265884653,1023,0.3551145069030743,1007,0.5934982872147994,0.23838378031172508
HLA-A*02:03,3.0026385224274406,3.0026385224274406,0.0,379,0.5667411152026296,365,0.6482825252561099,0.08154141005348026
HLA-A*02:05,4.619047619047619,4.380952380952381,0.23809523809523808,21,0.2131254061078622,21,0.4327379247393571,0.21961251863149492
HLA-A*02:10,3.0108108108108107,3.0108108108108107,0.0,370,0.3254828955690251,352,0.3212744202443785,-0.004208475324646577
HLA-A*02:11,2.0131926121372032,2.0131926121372032,0.0,379,0.612193258863753,375,0.5948028812784829,-0.017390377585270067
HLA-A*02:12,1.0134408602150538,1.0134408602150538,0.0,372,0.8268799419318219,363,0.794421594246941,-0.03245834768488087
HLA-A*02:16,1.0134048257372654,1.0134048257372654,0.0,373,0.9184470474712438,368,0.7352387686960202,-0.1832082787752236
HLA-A*02:19,4.019774011299435,4.019774011299435,0.0,354,0.8923366933231841,338,0.7036462192511341,-0.18869047407204997
HLA-A*02:50,5.002666666666666,5.002666666666666,0.0,375,0.67624923097953,373,0.625620675849739,-0.05062855512979103
HLA-A*03:01,8.89082462253194,7.409988385598142,1.480836236933798,861,0.476002524274497,683,0.5693213678676898,0.09331884359319281
HLA-A*11:01,7.740034662045061,7.185441941074523,0.5545927209705372,577,0.5672412027202963,548,0.6618793134528085,0.09463811073251216
HLA-A*23:01,3.228494623655914,3.1989247311827955,0.02956989247311828,372,0.8596704600857695,372,0.7889997913832641,-0.07067066870250538
HLA-A*24:02,2.6841186736474696,1.2425828970331587,1.4415357766143106,573,0.5982450659314542,563,0.7214632162759611,0.1232181503445069
HLA-A*24:03,2.71875,2.162109375,0.556640625,512,0.6976502502631629,512,0.672100489375518,-0.025549760887644823
HLA-A*24:07,1.3721590909090908,1.3551136363636365,0.017045454545454544,352,0.7796738468795266,348,0.7430221146725218,-0.036651732207004795
HLA-A*24:19,8.119047619047619,8.116402116402117,0.0026455026455026454,378,0.3156281981662848,280,0.341061781121579,0.025433582955294187
HLA-A*25:01,7.5041322314049586,7.5013774104683195,0.0027548209366391185,363,0.5462201309444744,256,0.45156940302995086,-0.09465072791452356
HLA-A*26:01,2.3713235294117645,1.150735294117647,1.2205882352941178,272,0.5463734543775067,257,0.5832250102246084,0.03685155584710165
HLA-A*26:02,2.317784256559767,2.294460641399417,0.023323615160349854,343,0.5530036896796928,315,0.5754656314431418,0.022461941763448956
HLA-A*26:03,2.0234604105571847,2.0234604105571847,0.0,341,0.2831364073668769,243,0.4877504559463725,0.2046140485794956
HLA-A*29:02,10.634464751958225,10.37597911227154,0.2584856396866841,383,0.0491425125489617,367,0.4291521759300948,0.3800096633811331
HLA-A*30:01,7.963730569948186,7.766839378238342,0.19689119170984457,386,0.1849169685303814,268,0.3378986903182907,0.15298172178790928
HLA-A*30:02,9.239782016348775,4.0,5.239782016348774,367,-0.0538012741952926,344,0.3150351524785222,0.3688364266738148
HLA-A*31:01,3.167539267015707,3.0366492146596857,0.13089005235602094,382,0.4191126232827791,348,0.4738804836263425,0.0547678603435634
HLA-A*32:01,5.65625,1.0,4.65625,32,0.6375334999437353,28,0.824492784534085,0.18695928459034972
HLA-A*32:07,7.170329670329671,1.0,6.170329670329671,364,0.1790012808851906,231,0.5208055050560538,0.3418042241708632
HLA-A*33:03,3.0485175202156336,3.0485175202156336,0.0,371,0.4189617286304506,235,0.32471649968979277,-0.09424522894065784
HLA-A*43:01,5.3565459610027855,2.2757660167130918,3.0807799442896937,359,0.1942811607775375,278,0.28110864487339304,0.08682748409585556
HLA-A*66:01,2.24869109947644,2.170157068062827,0.07853403141361257,382,0.31653880977869,234,0.41402516941630674,0.09748635963761676
HLA-A*68:01,6.51421188630491,1.0,5.51421188630491,387,0.0593185437161305,287,0.2910815255288702,0.2317629818127397
HLA-A*68:02,5.25,4.6875,0.5625,16,-0.065576392195858,16,0.06484908994018365,0.13042548213604166
HLA-A*68:23,6.2682926829268295,1.032520325203252,5.235772357723577,369,0.0504975565543542,313,0.36334934106301886,0.3128517845086647
HLA-A*69:01,5.4,5.133333333333334,0.26666666666666666,15,0.5290544616320109,10,0.12439255639709726,-0.40466190523491363
HLA-A*74:01,5.027700831024931,5.027700831024931,0.0,361,0.8347244052137782,304,0.480196159640895,-0.3545282455728832
HLA-A*80:01,14.837606837606838,14.820512820512821,0.017094017094017096,351,0.2563118036262795,182,0.30574783112009923,0.049436027493819756
HLA-B*07:02,6.939721792890262,5.001545595054096,1.938176197836167,647,0.2922079351733548,598,0.5656759180560668,0.27346798288271196
HLA-B*08:01,7.094623655913979,6.113978494623656,0.9806451612903225,465,0.1689520741489701,331,0.15092413816061456,-0.01802793598835553
HLA-B*08:03,6.162857142857143,6.0,0.16285714285714287,350,0.3728674098919172,203,0.3135364162158957,-0.059330993676021515
HLA-B*13:02,15.714285714285714,14.142857142857142,1.5714285714285714,7,-0.948683298050514,4,-0.3999999999999999,0.5486832980505141
HLA-B*14:01(C67S),1.0668449197860963,1.0,0.06684491978609626,374,0.8046899052394614,41,0.21187733478166662,-0.5928125704577948
HLA-B*14:02(C67S),1.1518324607329844,1.0157068062827226,0.13612565445026178,382,0.6329282531512535,96,0.14286355883920482,-0.49006469431204863
HLA-B*15:01,8.185981308411215,5.396261682242991,2.789719626168224,1070,0.1084934208371727,1012,0.15305944119921894,0.04456602036204624
HLA-B*15:02,5.418338108882521,5.080229226361031,0.33810888252148996,349,0.1835569473612767,271,0.14339925203851217,-0.04015769532276453
HLA-B*15:10,7.881542699724518,7.870523415977962,0.011019283746556474,363,0.25242336814562,304,0.2178775515722907,-0.03454581657332931
HLA-B*15:17,8.0,8.0,0.0,362,0.07223428080467,335,0.00596044346143044,-0.06627383734323955
HLA-B*18:01,12.442896935933147,9.231197771587743,3.211699164345404,359,0.0007742916183954,315,0.018489068169555516,0.017714776551160116
HLA-B*27:02,3.381615598885794,3.2952646239554317,0.08635097493036212,359,0.4396167570517746,239,0.48440468134404835,0.04478792429227374
HLA-B*27:03,2.051630434782609,1.7907608695652173,0.2608695652173913,368,0.7607444254912008,237,0.5903494384119219,-0.17039498707927891
HLA-B*27:05,2.4945355191256833,1.0655737704918034,1.4289617486338797,366,0.7327861501885468,307,0.4745579639415748,-0.25822818624697197
HLA-B*27:20,6.350543478260869,6.342391304347826,0.008152173913043478,368,0.2213644471767416,251,0.2856977432461495,0.06433329606940788
HLA-B*35:01,3.167692307692308,1.376923076923077,1.7907692307692307,650,0.4472224193729888,565,0.3574482813427027,-0.08977413803028611
HLA-B*35:03,1.196808510638298,1.0,0.19680851063829788,376,0.7068367257109769,357,0.5082193459360125,-0.1986173797749644
HLA-B*35:08,1.0,1.0,0.0,27,0.5540133958694001,25,0.3870255094978737,-0.16698788637152645
HLA-B*39:01,3.551470588235294,1.5794117647058823,1.9720588235294119,680,0.0361527033353664,547,0.3198074180067262,0.2836547146713598
HLA-B*39:02,2.1226666666666665,2.12,0.0026666666666666666,375,0.2074845064550829,306,0.17209572906640241,-0.03538877738868049
HLA-B*39:06(C67S),3.0,3.0,0.0,379,-0.0079829170929276,30,0.31262880584825586,0.32061172294118345
HLA-B*39:10,4.154255319148936,1.1143617021276595,3.0398936170212765,376,0.1406993465066615,341,0.29188735263411825,0.15118800612745675
HLA-B*40:01,7.347682119205298,6.0198675496688745,1.3278145695364238,302,0.0033313610892682,283,0.26108511152653846,0.2577537504372703
HLA-B*40:02,8.368421052631579,8.368421052631579,0.0,19,0.4118223429526778,19,0.11017543859649118,-0.3016469043561866
HLA-B*41:01,6.918478260869565,6.7771739130434785,0.14130434782608695,368,-0.0172206665883181,148,0.3199624808259621,0.33718314741428024
HLA-B*42:01,1.0371428571428571,1.0342857142857143,0.002857142857142857,350,0.8140002142907616,342,0.7685858339792448,-0.04541438031151679
HLA-B*42:02,1.3617021276595744,1.1595744680851063,0.20212765957446807,376,0.714640882236291,340,0.6657176338041887,-0.04892324843210227
HLA-B*44:05,11.409090909090908,11.306818181818182,0.10227272727272728,352,0.3552602651457758,332,0.09684461095940047,-0.25841565418637535
HLA-B*45:01,8.432065217391305,8.078804347826088,0.3532608695652174,368,0.4021463795934622,121,0.36055172078840425,-0.04159465880505797
HLA-B*46:01,7.512465373961219,7.0,0.5124653739612188,361,0.2429545046270688,213,0.08460554944783143,-0.15834895517923736
HLA-B*51:01,12.708215297450424,12.705382436260622,0.0028328611898017,353,-0.0600243767858421,174,0.16417451129911212,0.22419888808495422
HLA-B*54:01,3.0,3.0,0.0,357,0.5565566502341796,210,0.5535784952710354,-0.0029781549631441306
HLA-B*55:01,2.0899470899470898,2.0291005291005293,0.06084656084656084,378,0.7313548753535793,168,0.5970125033786455,-0.13434237197493382
HLA-B*56:01,2.0190217391304346,2.016304347826087,0.002717391304347826,368,0.7358080359409014,190,0.6784285797184493,-0.05737945622245211
HLA-B*57:01,2.04297994269341,2.020057306590258,0.022922636103151862,349,0.7323802313244093,303,0.6534839835417711,-0.07889624778263826
HLA-B*57:02,1.0385674931129476,1.0385674931129476,0.0,363,0.623830927321981,339,0.4813786905673976,-0.14245223675458335
HLA-B*57:03,1.046070460704607,1.046070460704607,0.0,369,0.6398694787854711,367,0.662596991659182,0.022727512873710887
HLA-B*58:01,5.989445910290238,4.089709762532982,1.8997361477572559,379,0.4924794264635082,320,0.6263070812707598,0.13382765480725167
HLA-B*81:01,5.0,5.0,0.0,367,0.387270286880168,312,0.5009177950045406,0.11364750812437258
