method,subset,allele,spearman,n,constant_prediction
raw_1nn,all,HLA-A*01:01,0.09269950139654794,220,False
raw_1nn,all,HLA-A*02:01,0.36856947636509274,1023,False
raw_1nn,all,HLA-A*02:03,0.5986634497423069,379,False
raw_1nn,all,HLA-A*02:05,0.2795839342601143,21,False
raw_1nn,all,HLA-A*02:10,0.36466947870615757,370,False
raw_1nn,all,HLA-A*02:11,0.624270496341416,379,False
raw_1nn,all,HLA-A*02:12,0.8262883277874751,372,False
raw_1nn,all,HLA-A*02:16,0.9214365543560782,373,False
raw_1nn,all,HLA-A*02:19,0.9052377092401689,354,False
raw_1nn,all,HLA-A*02:50,0.6902781829673319,375,False
raw_1nn,all,HLA-A*03:01,0.42050881579290966,861,False
raw_1nn,all,HLA-A*11:01,0.5601013182901619,577,False
raw_1nn,all,HLA-A*23:01,0.8684349521315359,372,False
raw_1nn,all,HLA-A*24:02,0.6422850147367666,573,False
raw_1nn,all,HLA-A*24:03,0.711599935784664,512,False
raw_1nn,all,HLA-A*24:07,0.790710544814039,352,False
raw_1nn,all,HLA-A*24:19,0.2900788807459805,378,False
raw_1nn,all,HLA-A*25:01,0.54393304148188,363,False
raw_1nn,all,HLA-A*26:01,0.4938329923000085,272,False
raw_1nn,all,HLA-A*26:02,0.5439154640700875,343,False
raw_1nn,all,HLA-A*26:03,0.47587595469359045,341,False
raw_1nn,all,HLA-A*29:02,0.16584709151822735,383,False
raw_1nn,all,HLA-A*30:01,0.4452442728311921,386,False
raw_1nn,all,HLA-A*30:02,0.10291032802898159,367,False
raw_1nn,all,HLA-A*31:01,0.5766892593015275,382,False
raw_1nn,all,HLA-A*32:01,0.4310633064815217,32,False
raw_1nn,all,HLA-A*32:07,0.09641086151641637,364,False
raw_1nn,all,HLA-A*33:03,0.3962231012019744,371,False
raw_1nn,all,HLA-A*43:01,0.146262416014182,359,False
raw_1nn,all,HLA-A*66:01,0.49182878361940124,382,False
raw_1nn,all,HLA-A*68:01,0.4894222609728932,387,False
raw_1nn,all,HLA-A*68:02,0.2093569472372756,16,False
raw_1nn,all,HLA-A*68:23,0.36980852783288504,369,False
raw_1nn,all,HLA-A*69:01,0.2425239311214626,15,False
raw_1nn,all,HLA-A*74:01,0.778634498033957,361,False
raw_1nn,all,HLA-A*80:01,0.02831803687420642,351,False
raw_1nn,all,HLA-B*07:02,0.46676190721770383,647,False
raw_1nn,all,HLA-B*08:01,0.16509313345284357,465,False
raw_1nn,all,HLA-B*08:03,0.3564912303564453,350,False
raw_1nn,all,HLA-B*13:02,-0.5422692542049051,7,False
raw_1nn,all,HLA-B*14:01(C67S),0.6323889095421648,374,False
raw_1nn,all,HLA-B*14:02(C67S),0.6259048986453244,382,False
raw_1nn,all,HLA-B*15:01,0.10353289042949543,1070,False
raw_1nn,all,HLA-B*15:02,0.13279288379450097,349,False
raw_1nn,all,HLA-B*15:10,0.3524304656617005,363,False
raw_1nn,all,HLA-B*15:17,0.11764269116760605,362,False
raw_1nn,all,HLA-B*18:01,-0.0710877119853061,359,False
raw_1nn,all,HLA-B*27:02,0.29660196069429257,359,False
raw_1nn,all,HLA-B*27:03,0.7094151288640923,368,False
raw_1nn,all,HLA-B*27:05,0.6656621488661114,366,False
raw_1nn,all,HLA-B*27:20,0.009683027026755223,368,False
raw_1nn,all,HLA-B*35:01,0.3833994118028363,650,False
raw_1nn,all,HLA-B*35:03,0.7118186526441244,376,False
raw_1nn,all,HLA-B*35:08,0.5915733892156158,27,False
raw_1nn,all,HLA-B*39:01,0.13026286008372895,680,False
raw_1nn,all,HLA-B*39:02,0.22560855578266206,375,False
raw_1nn,all,HLA-B*39:06(C67S),-0.01355692816848856,379,False
raw_1nn,all,HLA-B*39:10,0.2545568491408453,376,False
raw_1nn,all,HLA-B*40:01,-0.20946909929820326,302,False
raw_1nn,all,HLA-B*40:02,0.3770961700983878,19,False
raw_1nn,all,HLA-B*41:01,0.47122569652171664,368,False
raw_1nn,all,HLA-B*42:01,0.8256595787292248,350,False
raw_1nn,all,HLA-B*42:02,0.7844069243819886,376,False
raw_1nn,all,HLA-B*44:05,0.32217256963284185,352,False
raw_1nn,all,HLA-B*45:01,0.49221893915263,368,False
raw_1nn,all,HLA-B*46:01,0.24044035823157145,361,False
raw_1nn,all,HLA-B*51:01,-0.08388211588366848,353,False
raw_1nn,all,HLA-B*54:01,0.661798860867384,357,False
raw_1nn,all,HLA-B*55:01,0.6722382288109953,378,False
raw_1nn,all,HLA-B*56:01,0.7628620083900484,368,False
raw_1nn,all,HLA-B*57:01,0.6591070872483819,349,False
raw_1nn,all,HLA-B*57:02,0.6619824526192732,363,False
raw_1nn,all,HLA-B*57:03,0.6452830681181415,369,False
raw_1nn,all,HLA-B*58:01,0.4679582842883225,379,False
raw_1nn,all,HLA-B*81:01,0.531924171330647,367,False
raw_1nn,nonzero,HLA-A*01:01,0.07793401310813418,207,False
raw_1nn,nonzero,HLA-A*02:01,0.35511778992188253,1007,False
raw_1nn,nonzero,HLA-A*02:03,0.5760327715991443,365,False
raw_1nn,nonzero,HLA-A*02:05,0.2795839342601143,21,False
raw_1nn,nonzero,HLA-A*02:10,0.32548289556902515,352,False
raw_1nn,nonzero,HLA-A*02:11,0.612193258863753,375,False
raw_1nn,nonzero,HLA-A*02:12,0.8142230023036503,363,False
raw_1nn,nonzero,HLA-A*02:16,0.9184470474712438,368,False
raw_1nn,nonzero,HLA-A*02:19,0.8923366933231841,338,False
raw_1nn,nonzero,HLA-A*02:50,0.6853039399973658,373,False
raw_1nn,nonzero,HLA-A*03:01,0.3996362902180959,683,False
raw_1nn,nonzero,HLA-A*11:01,0.5645378487133266,548,False
raw_1nn,nonzero,HLA-A*23:01,0.8684349521315359,372,False
raw_1nn,nonzero,HLA-A*24:02,0.6487944252059326,563,False
raw_1nn,nonzero,HLA-A*24:03,0.711599935784664,512,False
raw_1nn,nonzero,HLA-A*24:07,0.7874982229800154,348,False
raw_1nn,nonzero,HLA-A*24:19,0.3156281981662848,280,False
raw_1nn,nonzero,HLA-A*25:01,0.5462201309444744,256,False
raw_1nn,nonzero,HLA-A*26:01,0.5463734543775067,257,False
raw_1nn,nonzero,HLA-A*26:02,0.5530036896796928,315,False
raw_1nn,nonzero,HLA-A*26:03,0.2831364073668769,243,False
raw_1nn,nonzero,HLA-A*29:02,0.15393132587623917,367,False
raw_1nn,nonzero,HLA-A*30:01,0.2140883692344685,268,False
raw_1nn,nonzero,HLA-A*30:02,0.08181117735819352,344,False
raw_1nn,nonzero,HLA-A*31:01,0.5492065420058986,348,False
raw_1nn,nonzero,HLA-A*32:01,0.6375334999437353,28,False
raw_1nn,nonzero,HLA-A*32:07,0.10261032582295147,231,False
raw_1nn,nonzero,HLA-A*33:03,0.41896172863045067,235,False
raw_1nn,nonzero,HLA-A*43:01,0.18724544797204168,278,False
raw_1nn,nonzero,HLA-A*66:01,0.36153011317563605,234,False
raw_1nn,nonzero,HLA-A*68:01,0.4681829744865301,287,False
raw_1nn,nonzero,HLA-A*68:02,0.2093569472372756,16,False
raw_1nn,nonzero,HLA-A*68:23,0.32126837286928583,313,False
raw_1nn,nonzero,HLA-A*69:01,0.6280604563186774,10,False
raw_1nn,nonzero,HLA-A*74:01,0.8132052557177437,304,False
raw_1nn,nonzero,HLA-A*80:01,0.16086863991325764,182,False
raw_1nn,nonzero,HLA-B*07:02,0.41807808902597665,598,False
raw_1nn,nonzero,HLA-B*08:01,0.11408965737674509,331,False
raw_1nn,nonzero,HLA-B*08:03,0.3726452680280757,203,False
raw_1nn,nonzero,HLA-B*13:02,-1.0,4,False
raw_1nn,nonzero,HLA-B*14:01(C67S),0.8046899052394614,41,False
raw_1nn,nonzero,HLA-B*14:02(C67S),0.6127139736932492,96,False
raw_1nn,nonzero,HLA-B*15:01,0.09632691484607622,1012,False
raw_1nn,nonzero,HLA-B*15:02,0.15214386006221528,271,False
raw_1nn,nonzero,HLA-B*15:10,0.2790768244455355,304,False
raw_1nn,nonzero,HLA-B*15:17,0.08793649768482178,335,False
raw_1nn,nonzero,HLA-B*18:01,-0.12612644454213393,315,False
raw_1nn,nonzero,HLA-B*27:02,0.44012588538870057,239,False
raw_1nn,nonzero,HLA-B*27:03,0.7414762384666768,237,False
raw_1nn,nonzero,HLA-B*27:05,0.7281682000625668,307,False
raw_1nn,nonzero,HLA-B*27:20,0.22136444717674167,251,False
raw_1nn,nonzero,HLA-B*35:01,0.3901634070576244,565,False
raw_1nn,nonzero,HLA-B*35:03,0.7068367257109769,357,False
raw_1nn,nonzero,HLA-B*35:08,0.5540133958694001,25,False
raw_1nn,nonzero,HLA-B*39:01,0.052399378552289114,547,False
raw_1nn,nonzero,HLA-B*39:02,0.20748450645508296,306,False
raw_1nn,nonzero,HLA-B*39:06(C67S),-0.00798291709292768,30,False
raw_1nn,nonzero,HLA-B*39:10,0.18890448238027918,341,False
raw_1nn,nonzero,HLA-B*40:01,-0.15543587985482085,283,False
raw_1nn,nonzero,HLA-B*40:02,0.3770961700983878,19,False
raw_1nn,nonzero,HLA-B*41:01,0.35962327507813,148,False
raw_1nn,nonzero,HLA-B*42:01,0.8138772263724201,342,False
raw_1nn,nonzero,HLA-B*42:02,0.7397032592321653,340,False
raw_1nn,nonzero,HLA-B*44:05,0.384096757927713,332,False
raw_1nn,nonzero,HLA-B*45:01,0.4057524119292855,121,False
raw_1nn,nonzero,HLA-B*46:01,0.19799749242680517,213,False
raw_1nn,nonzero,HLA-B*51:01,-0.11950517465967252,174,False
raw_1nn,nonzero,HLA-B*54:01,0.5565566502341796,210,False
raw_1nn,nonzero,HLA-B*55:01,0.6004419450789887,168,False
raw_1nn,nonzero,HLA-B*56:01,0.6368262792858088,190,False
raw_1nn,nonzero,HLA-B*57:01,0.6332516285755749,303,False
raw_1nn,nonzero,HLA-B*57:02,0.623830927321981,339,False
raw_1nn,nonzero,HLA-B*57:03,0.6398694787854711,367,False
raw_1nn,nonzero,HLA-B*58:01,0.49247942646350823,320,False
raw_1nn,nonzero,HLA-B*81:01,0.4507307848390355,312,False
raw_tie_mean,all,HLA-A*01:01,0.07704145649106664,220,False
raw_tie_mean,all,HLA-A*02:01,0.38989781123499545,1023,False
raw_tie_mean,all,HLA-A*02:03,0.6837465191736738,379,False
raw_tie_mean,all,HLA-A*02:05,0.2795839342601143,21,False
raw_tie_mean,all,HLA-A*02:10,0.3645648819654575,370,False
raw_tie_mean,all,HLA-A*02:11,0.6243197297332557,379,False
raw_tie_mean,all,HLA-A*02:12,0.9151840437073813,372,False
raw_tie_mean,all,HLA-A*02:16,0.9217979984467252,373,False
raw_tie_mean,all,HLA-A*02:19,0.9052377092401689,354,False
raw_tie_mean,all,HLA-A*02:50,0.7570325373386139,375,False
raw_tie_mean,all,HLA-A*03:01,0.5061875222887896,861,False
raw_tie_mean,all,HLA-A*11:01,0.5494846965281629,577,False
raw_tie_mean,all,HLA-A*23:01,0.8767471918197337,372,False
raw_tie_mean,all,HLA-A*24:02,0.6496239685824996,573,False
raw_tie_mean,all,HLA-A*24:03,0.7408641251716604,512,False
raw_tie_mean,all,HLA-A*24:07,0.7976100453048962,352,False
raw_tie_mean,all,HLA-A*24:19,0.28660334966799444,378,False
raw_tie_mean,all,HLA-A*25:01,0.5715851610471294,363,False
raw_tie_mean,all,HLA-A*26:01,0.493469905629866,272,False
raw_tie_mean,all,HLA-A*26:02,0.5601892947538631,343,False
raw_tie_mean,all,HLA-A*26:03,0.47587595469359045,341,False
raw_tie_mean,all,HLA-A*29:02,0.24761007201297586,383,False
raw_tie_mean,all,HLA-A*30:01,0.4437913599452749,386,False
raw_tie_mean,all,HLA-A*30:02,0.10810023221698818,367,False
raw_tie_mean,all,HLA-A*31:01,0.7650284569755131,382,False
raw_tie_mean,all,HLA-A*32:01,0.3723914728087927,32,False
raw_tie_mean,all,HLA-A*32:07,0.13339549190715105,364,False
raw_tie_mean,all,HLA-A*33:03,0.3962231012019744,371,False
raw_tie_mean,all,HLA-A*43:01,0.10713263969227599,359,False
raw_tie_mean,all,HLA-A*66:01,0.4961031585127443,382,False
raw_tie_mean,all,HLA-A*68:01,0.48870801999993485,387,False
raw_tie_mean,all,HLA-A*68:02,0.32517142868768334,16,False
raw_tie_mean,all,HLA-A*68:23,0.3694856020062388,369,False
raw_tie_mean,all,HLA-A*69:01,0.2425239311214626,15,False
raw_tie_mean,all,HLA-A*74:01,0.7780840832858541,361,False
raw_tie_mean,all,HLA-A*80:01,0.13520347711483155,351,False
raw_tie_mean,all,HLA-B*07:02,0.5376659200176092,647,False
raw_tie_mean,all,HLA-B*08:01,0.08765607417763038,465,False
raw_tie_mean,all,HLA-B*08:03,0.347789169372342,350,False
raw_tie_mean,all,HLA-B*13:02,-0.8153742483272114,7,False
raw_tie_mean,all,HLA-B*14:01(C67S),0.6335238777795904,374,False
raw_tie_mean,all,HLA-B*14:02(C67S),0.6264038301385202,382,False
raw_tie_mean,all,HLA-B*15:01,0.13296213985693958,1070,False
raw_tie_mean,all,HLA-B*15:02,0.10431291544841463,349,False
raw_tie_mean,all,HLA-B*15:10,0.3734276502043293,363,False
raw_tie_mean,all,HLA-B*15:17,0.11744692837697887,362,False
raw_tie_mean,all,HLA-B*18:01,-0.025627256335912472,359,False
raw_tie_mean,all,HLA-B*27:02,0.29369517748295565,359,False
raw_tie_mean,all,HLA-B*27:03,0.7018551355479173,368,False
raw_tie_mean,all,HLA-B*27:05,0.5815324266030615,366,False
raw_tie_mean,all,HLA-B*27:20,0.011876261685628034,368,False
raw_tie_mean,all,HLA-B*35:01,0.4075711316750985,650,False
raw_tie_mean,all,HLA-B*35:03,0.7287673574627413,376,False
raw_tie_mean,all,HLA-B*35:08,0.5915733892156158,27,False
raw_tie_mean,all,HLA-B*39:01,0.09054145430765581,680,False
raw_tie_mean,all,HLA-B*39:02,0.15198075934675256,375,False
raw_tie_mean,all,HLA-B*39:06(C67S),-0.039206969741855086,379,False
raw_tie_mean,all,HLA-B*39:10,0.1633498094725291,376,False
raw_tie_mean,all,HLA-B*40:01,-0.2275553027889805,302,False
raw_tie_mean,all,HLA-B*40:02,0.2982856203875033,19,False
raw_tie_mean,all,HLA-B*41:01,0.49052979235953836,368,False
raw_tie_mean,all,HLA-B*42:01,0.8269007804815558,350,False
raw_tie_mean,all,HLA-B*42:02,0.7841034234686319,376,False
raw_tie_mean,all,HLA-B*44:05,0.32501346586507135,352,False
raw_tie_mean,all,HLA-B*45:01,0.48583492367888653,368,False
raw_tie_mean,all,HLA-B*46:01,0.24455925567734235,361,False
raw_tie_mean,all,HLA-B*51:01,-0.08136681352617674,353,False
raw_tie_mean,all,HLA-B*54:01,0.6861285695979867,357,False
raw_tie_mean,all,HLA-B*55:01,0.6788146792894046,378,False
raw_tie_mean,all,HLA-B*56:01,0.8179162904434972,368,False
raw_tie_mean,all,HLA-B*57:01,0.7133732822675085,349,False
raw_tie_mean,all,HLA-B*57:02,0.6619824526192732,363,False
raw_tie_mean,all,HLA-B*57:03,0.6448928420276612,369,False
raw_tie_mean,all,HLA-B*58:01,0.4930044689838331,379,False
raw_tie_mean,all,HLA-B*81:01,0.5327297714539441,367,False
raw_tie_mean,nonzero,HLA-A*01:01,0.09054488586310956,207,False
raw_tie_mean,nonzero,HLA-A*02:01,0.3770209314799656,1007,False
raw_tie_mean,nonzero,HLA-A*02:03,0.6619091677768478,365,False
raw_tie_mean,nonzero,HLA-A*02:05,0.2795839342601143,21,False
raw_tie_mean,nonzero,HLA-A*02:10,0.3254033501240883,352,False
raw_tie_mean,nonzero,HLA-A*02:11,0.6122440852685912,375,False
raw_tie_mean,nonzero,HLA-A*02:12,0.9090118852714693,363,False
raw_tie_mean,nonzero,HLA-A*02:16,0.9188234254318862,368,False
raw_tie_mean,nonzero,HLA-A*02:19,0.8923366933231841,338,False
raw_tie_mean,nonzero,HLA-A*02:50,0.7531030621829407,373,False
raw_tie_mean,nonzero,HLA-A*03:01,0.43556517659531974,683,False
raw_tie_mean,nonzero,HLA-A*11:01,0.5581346577188879,548,False
raw_tie_mean,nonzero,HLA-A*23:01,0.8767471918197337,372,False
raw_tie_mean,nonzero,HLA-A*24:02,0.6473100712635182,563,False
raw_tie_mean,nonzero,HLA-A*24:03,0.7408641251716604,512,False
raw_tie_mean,nonzero,HLA-A*24:07,0.7942124767805039,348,False
raw_tie_mean,nonzero,HLA-A*24:19,0.31787461902692626,280,False
raw_tie_mean,nonzero,HLA-A*25:01,0.6089157818453844,256,False
raw_tie_mean,nonzero,HLA-A*26:01,0.543706560316328,257,False
raw_tie_mean,nonzero,HLA-A*26:02,0.5772535777176555,315,False
raw_tie_mean,nonzero,HLA-A*26:03,0.2831364073668769,243,False
raw_tie_mean,nonzero,HLA-A*29:02,0.23110499327925002,367,False
raw_tie_mean,nonzero,HLA-A*30:01,0.21749942703010708,268,False
raw_tie_mean,nonzero,HLA-A*30:02,0.08530297144631475,344,False
raw_tie_mean,nonzero,HLA-A*31:01,0.7547055431977077,348,False
raw_tie_mean,nonzero,HLA-A*32:01,0.5675245591841979,28,False
raw_tie_mean,nonzero,HLA-A*32:07,0.08362624940605032,231,False
raw_tie_mean,nonzero,HLA-A*33:03,0.41896172863045067,235,False
raw_tie_mean,nonzero,HLA-A*43:01,0.15470054793711643,278,False
raw_tie_mean,nonzero,HLA-A*66:01,0.36080417572209444,234,False
raw_tie_mean,nonzero,HLA-A*68:01,0.479435817557082,287,False
raw_tie_mean,nonzero,HLA-A*68:02,0.32517142868768334,16,False
raw_tie_mean,nonzero,HLA-A*68:23,0.319416238990037,313,False
raw_tie_mean,nonzero,HLA-A*69:01,0.6280604563186774,10,False
raw_tie_mean,nonzero,HLA-A*74:01,0.8176404839847423,304,False
raw_tie_mean,nonzero,HLA-A*80:01,0.18558358763575566,182,False
raw_tie_mean,nonzero,HLA-B*07:02,0.4841177620460007,598,False
raw_tie_mean,nonzero,HLA-B*08:01,0.0983760452257044,331,False
raw_tie_mean,nonzero,HLA-B*08:03,0.37142428755939777,203,False
raw_tie_mean,nonzero,HLA-B*13:02,-1.0,4,False
raw_tie_mean,nonzero,HLA-B*14:01(C67S),0.8046899052394614,41,False
raw_tie_mean,nonzero,HLA-B*14:02(C67S),0.6156621577545847,96,False
raw_tie_mean,nonzero,HLA-B*15:01,0.11927816225371828,1012,False
raw_tie_mean,nonzero,HLA-B*15:02,0.08768627762593272,271,False
raw_tie_mean,nonzero,HLA-B*15:10,0.29848397078325767,304,False
raw_tie_mean,nonzero,HLA-B*15:17,0.10125175802687825,335,False
raw_tie_mean,nonzero,HLA-B*18:01,-0.09261663465814354,315,False
raw_tie_mean,nonzero,HLA-B*27:02,0.44067855770576175,239,False
raw_tie_mean,nonzero,HLA-B*27:03,0.7310180513493388,237,False
raw_tie_mean,nonzero,HLA-B*27:05,0.6788759640416383,307,False
raw_tie_mean,nonzero,HLA-B*27:20,0.22136444717674167,251,False
raw_tie_mean,nonzero,HLA-B*35:01,0.42278019335568395,565,False
raw_tie_mean,nonzero,HLA-B*35:03,0.7231590504128705,357,False
raw_tie_mean,nonzero,HLA-B*35:08,0.5540133958694001,25,False
raw_tie_mean,nonzero,HLA-B*39:01,0.010768121087370441,547,False
raw_tie_mean,nonzero,HLA-B*39:02,0.16608160231351277,306,False
raw_tie_mean,nonzero,HLA-B*39:06(C67S),0.08567707449451524,30,False
raw_tie_mean,nonzero,HLA-B*39:10,0.10602062228785548,341,False
raw_tie_mean,nonzero,HLA-B*40:01,-0.16470876708690024,283,False
raw_tie_mean,nonzero,HLA-B*40:02,0.2982856203875033,19,False
raw_tie_mean,nonzero,HLA-B*41:01,0.4122007445807322,148,False
raw_tie_mean,nonzero,HLA-B*42:01,0.8152073720067411,342,False
raw_tie_mean,nonzero,HLA-B*42:02,0.7346916285516453,340,False
raw_tie_mean,nonzero,HLA-B*44:05,0.3865926069926022,332,False
raw_tie_mean,nonzero,HLA-B*45:01,0.40011460063663834,121,False
raw_tie_mean,nonzero,HLA-B*46:01,0.20598015327606375,213,False
raw_tie_mean,nonzero,HLA-B*51:01,-0.14972792792238857,174,False
raw_tie_mean,nonzero,HLA-B*54:01,0.5860325816673339,210,False
raw_tie_mean,nonzero,HLA-B*55:01,0.6370608344712698,168,False
raw_tie_mean,nonzero,HLA-B*56:01,0.7681397767016146,190,False
raw_tie_mean,nonzero,HLA-B*57:01,0.6959165754024677,303,False
raw_tie_mean,nonzero,HLA-B*57:02,0.623830927321981,339,False
raw_tie_mean,nonzero,HLA-B*57:03,0.6394728488030114,367,False
raw_tie_mean,nonzero,HLA-B*58:01,0.5210102635366674,320,False
raw_tie_mean,nonzero,HLA-B*81:01,0.4488249022492532,312,False
balanced_1nn,all,HLA-A*01:01,0.02628887704731618,220,False
balanced_1nn,all,HLA-A*02:01,0.44634772630818775,1023,False
balanced_1nn,all,HLA-A*02:03,0.5986634497423069,379,False
balanced_1nn,all,HLA-A*02:05,0.2795839342601143,21,False
balanced_1nn,all,HLA-A*02:10,0.36466947870615757,370,False
balanced_1nn,all,HLA-A*02:11,0.624270496341416,379,False
balanced_1nn,all,HLA-A*02:12,0.8262883277874751,372,False
balanced_1nn,all,HLA-A*02:16,0.9214365543560782,373,False
balanced_1nn,all,HLA-A*02:19,0.9052377092401689,354,False
balanced_1nn,all,HLA-A*02:50,0.6902781829673319,375,False
balanced_1nn,all,HLA-A*03:01,0.42354675092179506,861,False
balanced_1nn,all,HLA-A*11:01,0.5584177229810571,577,False
balanced_1nn,all,HLA-A*23:01,0.8654666248997217,372,False
balanced_1nn,all,HLA-A*24:02,0.6791085637834149,573,False
balanced_1nn,all,HLA-A*24:03,0.7303070790321555,512,False
balanced_1nn,all,HLA-A*24:07,0.790710544814039,352,False
balanced_1nn,all,HLA-A*24:19,0.28730948968561704,378,False
balanced_1nn,all,HLA-A*25:01,0.5532600607341057,363,False
balanced_1nn,all,HLA-A*26:01,0.4768369294734284,272,False
balanced_1nn,all,HLA-A*26:02,0.5597382863668244,343,False
balanced_1nn,all,HLA-A*26:03,0.47587595469359045,341,False
balanced_1nn,all,HLA-A*29:02,0.16475666835799513,383,False
balanced_1nn,all,HLA-A*30:01,0.44655427019021876,386,False
balanced_1nn,all,HLA-A*30:02,0.08328472247441239,367,False
balanced_1nn,all,HLA-A*31:01,0.5756724335390622,382,False
balanced_1nn,all,HLA-A*32:01,-0.05720609930527762,32,False
balanced_1nn,all,HLA-A*32:07,0.25984998868516634,364,False
balanced_1nn,all,HLA-A*33:03,0.3962231012019744,371,False
balanced_1nn,all,HLA-A*43:01,0.15766713739042404,359,False
balanced_1nn,all,HLA-A*66:01,0.49182878361940124,382,False
balanced_1nn,all,HLA-A*68:01,0.5085171494857597,387,False
balanced_1nn,all,HLA-A*68:02,0.23368184005646048,16,False
balanced_1nn,all,HLA-A*68:23,0.3909240296421353,369,False
balanced_1nn,all,HLA-A*69:01,0.3020575954275668,15,False
balanced_1nn,all,HLA-A*74:01,0.778634498033957,361,False
balanced_1nn,all,HLA-A*80:01,0.03380115380059293,351,False
balanced_1nn,all,HLA-B*07:02,0.5109803335707375,647,False
balanced_1nn,all,HLA-B*08:01,0.18032827321774578,465,False
balanced_1nn,all,HLA-B*08:03,0.3686897644048771,350,False
balanced_1nn,all,HLA-B*13:02,-0.5422692542049051,7,False
balanced_1nn,all,HLA-B*14:01(C67S),0.6241798451992564,374,False
balanced_1nn,all,HLA-B*14:02(C67S),0.652938267183432,382,False
balanced_1nn,all,HLA-B*15:01,0.1144283668647098,1070,False
balanced_1nn,all,HLA-B*15:02,0.19019249919737782,349,False
balanced_1nn,all,HLA-B*15:10,0.3524304656617005,363,False
balanced_1nn,all,HLA-B*15:17,0.11764269116760605,362,False
balanced_1nn,all,HLA-B*18:01,-0.07722577035705172,359,False
balanced_1nn,all,HLA-B*27:02,0.2943529044640326,359,False
balanced_1nn,all,HLA-B*27:03,0.6801891560019288,368,False
balanced_1nn,all,HLA-B*27:05,0.5488956464297605,366,False
balanced_1nn,all,HLA-B*27:20,0.01451718310135807,368,False
balanced_1nn,all,HLA-B*35:01,0.3651367708287956,650,False
balanced_1nn,all,HLA-B*35:03,0.7152376632674601,376,False
balanced_1nn,all,HLA-B*35:08,0.5915733892156158,27,False
balanced_1nn,all,HLA-B*39:01,0.17201650859616316,680,False
balanced_1nn,all,HLA-B*39:02,0.22560855578266206,375,False
balanced_1nn,all,HLA-B*39:06(C67S),-0.01355692816848856,379,False
balanced_1nn,all,HLA-B*39:10,0.16346912130672778,376,False
balanced_1nn,all,HLA-B*40:01,-0.16138172572166384,302,False
balanced_1nn,all,HLA-B*40:02,0.46194675723728384,19,False
balanced_1nn,all,HLA-B*41:01,0.4961898541512898,368,False
balanced_1nn,all,HLA-B*42:01,0.8254048701073252,350,False
balanced_1nn,all,HLA-B*42:02,0.7818728327419815,376,False
balanced_1nn,all,HLA-B*44:05,0.3266786618484538,352,False
balanced_1nn,all,HLA-B*45:01,0.48787938622826194,368,False
balanced_1nn,all,HLA-B*46:01,0.2497157942110648,361,False
balanced_1nn,all,HLA-B*51:01,-0.08354658314964593,353,False
balanced_1nn,all,HLA-B*54:01,0.661798860867384,357,False
balanced_1nn,all,HLA-B*55:01,0.6608690931869174,378,False
balanced_1nn,all,HLA-B*56:01,0.7628620083900484,368,False
balanced_1nn,all,HLA-B*57:01,0.6678872283618303,349,False
balanced_1nn,all,HLA-B*57:02,0.6619824526192732,363,False
balanced_1nn,all,HLA-B*57:03,0.6452830681181415,369,False
balanced_1nn,all,HLA-B*58:01,0.5201518477743423,379,False
balanced_1nn,all,HLA-B*81:01,0.5286887185376968,367,False
balanced_1nn,nonzero,HLA-A*01:01,-0.008183231763016217,207,False
balanced_1nn,nonzero,HLA-A*02:01,0.4363761563067217,1007,False
balanced_1nn,nonzero,HLA-A*02:03,0.5760327715991443,365,False
balanced_1nn,nonzero,HLA-A*02:05,0.2795839342601143,21,False
balanced_1nn,nonzero,HLA-A*02:10,0.32548289556902515,352,False
balanced_1nn,nonzero,HLA-A*02:11,0.612193258863753,375,False
balanced_1nn,nonzero,HLA-A*02:12,0.8142230023036503,363,False
balanced_1nn,nonzero,HLA-A*02:16,0.9184470474712438,368,False
balanced_1nn,nonzero,HLA-A*02:19,0.8923366933231841,338,False
balanced_1nn,nonzero,HLA-A*02:50,0.6853039399973658,373,False
balanced_1nn,nonzero,HLA-A*03:01,0.4168903176159406,683,False
balanced_1nn,nonzero,HLA-A*11:01,0.5803336275212164,548,False
balanced_1nn,nonzero,HLA-A*23:01,0.8654666248997217,372,False
balanced_1nn,nonzero,HLA-A*24:02,0.6885463095442614,563,False
balanced_1nn,nonzero,HLA-A*24:03,0.7303070790321555,512,False
balanced_1nn,nonzero,HLA-A*24:07,0.7874982229800154,348,False
balanced_1nn,nonzero,HLA-A*24:19,0.3156281981662848,280,False
balanced_1nn,nonzero,HLA-A*25:01,0.5462201309444744,256,False
balanced_1nn,nonzero,HLA-A*26:01,0.5145709080452259,257,False
balanced_1nn,nonzero,HLA-A*26:02,0.557849280794502,315,False
balanced_1nn,nonzero,HLA-A*26:03,0.2831364073668769,243,False
balanced_1nn,nonzero,HLA-A*29:02,0.1529938676640777,367,False
balanced_1nn,nonzero,HLA-A*30:01,0.23638758252507266,268,False
balanced_1nn,nonzero,HLA-A*30:02,0.0713253267363758,344,False
balanced_1nn,nonzero,HLA-A*31:01,0.5469421501811268,348,False
balanced_1nn,nonzero,HLA-A*32:01,-0.09942361036430009,28,False
balanced_1nn,nonzero,HLA-A*32:07,0.2742138427071029,231,False
balanced_1nn,nonzero,HLA-A*33:03,0.41896172863045067,235,False
balanced_1nn,nonzero,HLA-A*43:01,0.1720945527983196,278,False
balanced_1nn,nonzero,HLA-A*66:01,0.36153011317563605,234,False
balanced_1nn,nonzero,HLA-A*68:01,0.46911813659206114,287,False
balanced_1nn,nonzero,HLA-A*68:02,0.23368184005646048,16,False
balanced_1nn,nonzero,HLA-A*68:23,0.32126837286928583,313,False
balanced_1nn,nonzero,HLA-A*69:01,0.6280604563186774,10,False
balanced_1nn,nonzero,HLA-A*74:01,0.8132052557177437,304,False
balanced_1nn,nonzero,HLA-A*80:01,0.1594188758953375,182,False
balanced_1nn,nonzero,HLA-B*07:02,0.47166211332912006,598,False
balanced_1nn,nonzero,HLA-B*08:01,0.13644450935398186,331,False
balanced_1nn,nonzero,HLA-B*08:03,0.37878989860019185,203,False
balanced_1nn,nonzero,HLA-B*13:02,-1.0,4,False
balanced_1nn,nonzero,HLA-B*14:01(C67S),0.8046899052394614,41,False
balanced_1nn,nonzero,HLA-B*14:02(C67S),0.6193610463557198,96,False
balanced_1nn,nonzero,HLA-B*15:01,0.09520583811331365,1012,False
balanced_1nn,nonzero,HLA-B*15:02,0.1384534951343242,271,False
balanced_1nn,nonzero,HLA-B*15:10,0.2790768244455355,304,False
balanced_1nn,nonzero,HLA-B*15:17,0.08793649768482178,335,False
balanced_1nn,nonzero,HLA-B*18:01,-0.135577652568054,315,False
balanced_1nn,nonzero,HLA-B*27:02,0.4400026456474136,239,False
balanced_1nn,nonzero,HLA-B*27:03,0.696390960103174,237,False
balanced_1nn,nonzero,HLA-B*27:05,0.6277491943159889,307,False
balanced_1nn,nonzero,HLA-B*27:20,0.22136444717674167,251,False
balanced_1nn,nonzero,HLA-B*35:01,0.37190980403366186,565,False
balanced_1nn,nonzero,HLA-B*35:03,0.7077663038859457,357,False
balanced_1nn,nonzero,HLA-B*35:08,0.5540133958694001,25,False
balanced_1nn,nonzero,HLA-B*39:01,0.06626487088964253,547,False
balanced_1nn,nonzero,HLA-B*39:02,0.20748450645508296,306,False
balanced_1nn,nonzero,HLA-B*39:06(C67S),-0.00798291709292768,30,False
balanced_1nn,nonzero,HLA-B*39:10,0.1260139873841257,341,False
balanced_1nn,nonzero,HLA-B*40:01,-0.10180475338357108,283,False
balanced_1nn,nonzero,HLA-B*40:02,0.46194675723728384,19,False
balanced_1nn,nonzero,HLA-B*41:01,0.4114041620547632,148,False
balanced_1nn,nonzero,HLA-B*42:01,0.8136042727897069,342,False
balanced_1nn,nonzero,HLA-B*42:02,0.7304620189621351,340,False
balanced_1nn,nonzero,HLA-B*44:05,0.38900068686571604,332,False
balanced_1nn,nonzero,HLA-B*45:01,0.4057524119292855,121,False
balanced_1nn,nonzero,HLA-B*46:01,0.1939798097522103,213,False
balanced_1nn,nonzero,HLA-B*51:01,-0.11930564638328801,174,False
balanced_1nn,nonzero,HLA-B*54:01,0.5565566502341796,210,False
balanced_1nn,nonzero,HLA-B*55:01,0.6004419450789887,168,False
balanced_1nn,nonzero,HLA-B*56:01,0.6368262792858088,190,False
balanced_1nn,nonzero,HLA-B*57:01,0.6332516285755749,303,False
balanced_1nn,nonzero,HLA-B*57:02,0.623830927321981,339,False
balanced_1nn,nonzero,HLA-B*57:03,0.6398694787854711,367,False
balanced_1nn,nonzero,HLA-B*58:01,0.4912936438120764,320,False
balanced_1nn,nonzero,HLA-B*81:01,0.4464278440230303,312,False
balanced_tie_mean,all,HLA-A*01:01,0.02973798594606107,220,False
balanced_tie_mean,all,HLA-A*02:01,0.4669309401613086,1023,False
balanced_tie_mean,all,HLA-A*02:03,0.6837465191736738,379,False
balanced_tie_mean,all,HLA-A*02:05,0.2795839342601143,21,False
balanced_tie_mean,all,HLA-A*02:10,0.3645648819654575,370,False
balanced_tie_mean,all,HLA-A*02:11,0.6243197297332557,379,False
balanced_tie_mean,all,HLA-A*02:12,0.9151840437073813,372,False
balanced_tie_mean,all,HLA-A*02:16,0.9217979984467252,373,False
balanced_tie_mean,all,HLA-A*02:19,0.9052377092401689,354,False
balanced_tie_mean,all,HLA-A*02:50,0.7570325373386139,375,False
balanced_tie_mean,all,HLA-A*03:01,0.5010395073424486,861,False
balanced_tie_mean,all,HLA-A*11:01,0.5425478856104939,577,False
balanced_tie_mean,all,HLA-A*23:01,0.8753274375835489,372,False
balanced_tie_mean,all,HLA-A*24:02,0.6922772972398626,573,False
balanced_tie_mean,all,HLA-A*24:03,0.7388196429403111,512,False
balanced_tie_mean,all,HLA-A*24:07,0.7989152729091467,352,False
balanced_tie_mean,all,HLA-A*24:19,0.28518577962420666,378,False
balanced_tie_mean,all,HLA-A*25:01,0.5778608310614068,363,False
balanced_tie_mean,all,HLA-A*26:01,0.4741610471872523,272,False
balanced_tie_mean,all,HLA-A*26:02,0.5682462778902806,343,False
balanced_tie_mean,all,HLA-A*26:03,0.47587595469359045,341,False
balanced_tie_mean,all,HLA-A*29:02,0.25212265392921246,383,False
balanced_tie_mean,all,HLA-A*30:01,0.4459352003663378,386,False
balanced_tie_mean,all,HLA-A*30:02,0.08211907953226531,367,False
balanced_tie_mean,all,HLA-A*31:01,0.7638505285108078,382,False
balanced_tie_mean,all,HLA-A*32:01,-0.06603533649708895,32,False
balanced_tie_mean,all,HLA-A*32:07,0.2590142864162453,364,False
balanced_tie_mean,all,HLA-A*33:03,0.3962231012019744,371,False
balanced_tie_mean,all,HLA-A*43:01,0.15837083786304776,359,False
balanced_tie_mean,all,HLA-A*66:01,0.4961031585127443,382,False
balanced_tie_mean,all,HLA-A*68:01,0.5067483372544951,387,False
balanced_tie_mean,all,HLA-A*68:02,0.3578370516608753,16,False
balanced_tie_mean,all,HLA-A*68:23,0.3909240296421353,369,False
balanced_tie_mean,all,HLA-A*69:01,0.3020575954275668,15,False
balanced_tie_mean,all,HLA-A*74:01,0.7780840832858541,361,False
balanced_tie_mean,all,HLA-A*80:01,0.14100633435531357,351,False
balanced_tie_mean,all,HLA-B*07:02,0.5551841627856104,647,False
balanced_tie_mean,all,HLA-B*08:01,0.12594680559061647,465,False
balanced_tie_mean,all,HLA-B*08:03,0.3636302019616437,350,False
balanced_tie_mean,all,HLA-B*13:02,-0.555936987495826,7,False
balanced_tie_mean,all,HLA-B*14:01(C67S),0.6195873899579427,374,False
balanced_tie_mean,all,HLA-B*14:02(C67S),0.642458703713188,382,False
balanced_tie_mean,all,HLA-B*15:01,0.12198943658104187,1070,False
balanced_tie_mean,all,HLA-B*15:02,0.1509981612665057,349,False
balanced_tie_mean,all,HLA-B*15:10,0.37155553684884957,363,False
balanced_tie_mean,all,HLA-B*15:17,0.11744692837697887,362,False
balanced_tie_mean,all,HLA-B*18:01,-0.024132742973410483,359,False
balanced_tie_mean,all,HLA-B*27:02,0.2943529044640326,359,False
balanced_tie_mean,all,HLA-B*27:03,0.6801891560019288,368,False
balanced_tie_mean,all,HLA-B*27:05,0.5237258126731309,366,False
balanced_tie_mean,all,HLA-B*27:20,0.01451718310135807,368,False
balanced_tie_mean,all,HLA-B*35:01,0.3607526652143492,650,False
balanced_tie_mean,all,HLA-B*35:03,0.712560072544984,376,False
balanced_tie_mean,all,HLA-B*35:08,0.5915733892156158,27,False
balanced_tie_mean,all,HLA-B*39:01,0.17020316436168867,680,False
balanced_tie_mean,all,HLA-B*39:02,0.15198075934675256,375,False
balanced_tie_mean,all,HLA-B*39:06(C67S),-0.039206969741855086,379,False
balanced_tie_mean,all,HLA-B*39:10,0.1235229411686871,376,False
balanced_tie_mean,all,HLA-B*40:01,-0.1551350922792212,302,False
balanced_tie_mean,all,HLA-B*40:02,0.42499101665830114,19,False
balanced_tie_mean,all,HLA-B*41:01,0.49042980249696594,368,False
balanced_tie_mean,all,HLA-B*42:01,0.8268446718283569,350,False
balanced_tie_mean,all,HLA-B*42:02,0.7803588932031466,376,False
balanced_tie_mean,all,HLA-B*44:05,0.3266786618484538,352,False
balanced_tie_mean,all,HLA-B*45:01,0.4807059943514485,368,False
balanced_tie_mean,all,HLA-B*46:01,0.24660316577311556,361,False
balanced_tie_mean,all,HLA-B*51:01,-0.08470577755547914,353,False
balanced_tie_mean,all,HLA-B*54:01,0.6861285695979867,357,False
balanced_tie_mean,all,HLA-B*55:01,0.6754180664318109,378,False
balanced_tie_mean,all,HLA-B*56:01,0.8179162904434972,368,False
balanced_tie_mean,all,HLA-B*57:01,0.7148199374584869,349,False
balanced_tie_mean,all,HLA-B*57:02,0.6619824526192732,363,False
balanced_tie_mean,all,HLA-B*57:03,0.6452830681181415,369,False
balanced_tie_mean,all,HLA-B*58:01,0.52869442709948,379,False
balanced_tie_mean,all,HLA-B*81:01,0.5312298012070014,367,False
balanced_tie_mean,nonzero,HLA-A*01:01,0.029215825114027694,207,False
balanced_tie_mean,nonzero,HLA-A*02:01,0.4589467597951421,1007,False
balanced_tie_mean,nonzero,HLA-A*02:03,0.6619091677768478,365,False
balanced_tie_mean,nonzero,HLA-A*02:05,0.2795839342601143,21,False
balanced_tie_mean,nonzero,HLA-A*02:10,0.3254033501240883,352,False
balanced_tie_mean,nonzero,HLA-A*02:11,0.6122440852685912,375,False
balanced_tie_mean,nonzero,HLA-A*02:12,0.9090118852714693,363,False
balanced_tie_mean,nonzero,HLA-A*02:16,0.9188234254318862,368,False
balanced_tie_mean,nonzero,HLA-A*02:19,0.8923366933231841,338,False
balanced_tie_mean,nonzero,HLA-A*02:50,0.7531030621829407,373,False
balanced_tie_mean,nonzero,HLA-A*03:01,0.45536547742678884,683,False
balanced_tie_mean,nonzero,HLA-A*11:01,0.5605621668923139,548,False
balanced_tie_mean,nonzero,HLA-A*23:01,0.8753274375835489,372,False
balanced_tie_mean,nonzero,HLA-A*24:02,0.7029451418502741,563,False
balanced_tie_mean,nonzero,HLA-A*24:03,0.7388196429403111,512,False
balanced_tie_mean,nonzero,HLA-A*24:07,0.7955656208771336,348,False
balanced_tie_mean,nonzero,HLA-A*24:19,0.3173708886603945,280,False
balanced_tie_mean,nonzero,HLA-A*25:01,0.6089157818453844,256,False
balanced_tie_mean,nonzero,HLA-A*26:01,0.5146250539652322,257,False
balanced_tie_mean,nonzero,HLA-A*26:02,0.5735975399285379,315,False
balanced_tie_mean,nonzero,HLA-A*26:03,0.2831364073668769,243,False
balanced_tie_mean,nonzero,HLA-A*29:02,0.23999976855130156,367,False
balanced_tie_mean,nonzero,HLA-A*30:01,0.23810916411609295,268,False
balanced_tie_mean,nonzero,HLA-A*30:02,0.06960464971116775,344,False
balanced_tie_mean,nonzero,HLA-A*31:01,0.7536347909329307,348,False
balanced_tie_mean,nonzero,HLA-A*32:01,-0.09969826122166003,28,False
balanced_tie_mean,nonzero,HLA-A*32:07,0.2688199602970733,231,False
balanced_tie_mean,nonzero,HLA-A*33:03,0.41896172863045067,235,False
balanced_tie_mean,nonzero,HLA-A*43:01,0.17362856590329784,278,False
balanced_tie_mean,nonzero,HLA-A*66:01,0.36080417572209444,234,False
balanced_tie_mean,nonzero,HLA-A*68:01,0.4741959995022393,287,False
balanced_tie_mean,nonzero,HLA-A*68:02,0.3578370516608753,16,False
balanced_tie_mean,nonzero,HLA-A*68:23,0.32126837286928583,313,False
balanced_tie_mean,nonzero,HLA-A*69:01,0.6280604563186774,10,False
balanced_tie_mean,nonzero,HLA-A*74:01,0.8176404839847423,304,False
balanced_tie_mean,nonzero,HLA-A*80:01,0.18493260176572626,182,False
balanced_tie_mean,nonzero,HLA-B*07:02,0.5166068260270374,598,False
balanced_tie_mean,nonzero,HLA-B*08:01,0.12795678365290455,331,False
balanced_tie_mean,nonzero,HLA-B*08:03,0.38025387241733727,203,False
balanced_tie_mean,nonzero,HLA-B*13:02,-1.0,4,False
balanced_tie_mean,nonzero,HLA-B*14:01(C67S),0.8046899052394614,41,False
balanced_tie_mean,nonzero,HLA-B*14:02(C67S),0.6191943342130617,96,False
balanced_tie_mean,nonzero,HLA-B*15:01,0.10478937812163576,1012,False
balanced_tie_mean,nonzero,HLA-B*15:02,0.05472097112324486,271,False
balanced_tie_mean,nonzero,HLA-B*15:10,0.29910388388083725,304,False
balanced_tie_mean,nonzero,HLA-B*15:17,0.10125175802687825,335,False
balanced_tie_mean,nonzero,HLA-B*18:01,-0.09035041004173572,315,False
balanced_tie_mean,nonzero,HLA-B*27:02,0.4400026456474136,239,False
balanced_tie_mean,nonzero,HLA-B*27:03,0.696390960103174,237,False
balanced_tie_mean,nonzero,HLA-B*27:05,0.6052340482813465,307,False
balanced_tie_mean,nonzero,HLA-B*27:20,0.22136444717674167,251,False
balanced_tie_mean,nonzero,HLA-B*35:01,0.3608658056530527,565,False
balanced_tie_mean,nonzero,HLA-B*35:03,0.7044678095764885,357,False
balanced_tie_mean,nonzero,HLA-B*35:08,0.5540133958694001,25,False
balanced_tie_mean,nonzero,HLA-B*39:01,0.07164080841429,547,False
balanced_tie_mean,nonzero,HLA-B*39:02,0.16608160231351277,306,False
balanced_tie_mean,nonzero,HLA-B*39:06(C67S),0.08567707449451524,30,False
balanced_tie_mean,nonzero,HLA-B*39:10,0.0882414600634134,341,False
balanced_tie_mean,nonzero,HLA-B*40:01,-0.09609875082380391,283,False
balanced_tie_mean,nonzero,HLA-B*40:02,0.42499101665830114,19,False
balanced_tie_mean,nonzero,HLA-B*41:01,0.40739738309872603,148,False
balanced_tie_mean,nonzero,HLA-B*42:01,0.8151472513492838,342,False
balanced_tie_mean,nonzero,HLA-B*42:02,0.7271253427625045,340,False
balanced_tie_mean,nonzero,HLA-B*44:05,0.38900068686571604,332,False
balanced_tie_mean,nonzero,HLA-B*45:01,0.40011460063663834,121,False
balanced_tie_mean,nonzero,HLA-B*46:01,0.1939798097522103,213,False
balanced_tie_mean,nonzero,HLA-B*51:01,-0.15160700835031754,174,False
balanced_tie_mean,nonzero,HLA-B*54:01,0.5860325816673339,210,False
balanced_tie_mean,nonzero,HLA-B*55:01,0.6370608344712698,168,False
balanced_tie_mean,nonzero,HLA-B*56:01,0.7681397767016146,190,False
balanced_tie_mean,nonzero,HLA-B*57:01,0.6959165754024677,303,False
balanced_tie_mean,nonzero,HLA-B*57:02,0.623830927321981,339,False
balanced_tie_mean,nonzero,HLA-B*57:03,0.6398694787854711,367,False
balanced_tie_mean,nonzero,HLA-B*58:01,0.4969233472380706,320,False
balanced_tie_mean,nonzero,HLA-B*81:01,0.44670506818628103,312,False
