config,stage,seed,epoch,fit_scc,val_scc,test_scc
mlp:raw,1,42,20,0.32484354396263126,0.12168155839336486,0.1773342378739552
mlp:raw,1,42,40,0.4201377751372321,0.2208425161197609,0.2365015754569797
mlp:raw,1,42,60,0.5372382582328992,0.33415964545969346,0.33770305545634716
mlp:raw,1,42,80,0.6163513493706009,0.3922094927717244,0.3744816870120135
mlp:raw,1,42,100,0.6745179179513562,0.4351341819999567,0.4032568708237524
mlp:raw,1,42,120,0.726132051748501,0.46351624388356427,0.42260950322375734
mlp:raw,1,42,140,0.76984523914597,0.4845717738743749,0.4320132263084465
mlp:raw,1,42,160,0.7938284846302678,0.4931890078777902,0.4447195463471145
mlp:raw,1,42,180,0.8109741831887192,0.5032486858699889,0.4469957251011075
mlp:raw,1,42,200,0.8250310535741029,0.5113580750341995,0.4524179329419563
mlp:raw,1,42,220,0.8301660461610044,0.5147985877087623,0.45519188055155935
mlp:raw,1,42,240,0.8345831668278653,0.5163056727349924,0.4564646882273733
mlp:raw,1,42,260,0.8356116814477935,0.5161704341124816,0.45606124281676663
mlp:raw,1,42,280,0.8358263799335038,0.5165026822360532,0.456483653924781
mlp:raw,1,42,300,0.8358608414807531,0.5167327686145369,0.4565073565574532
mlp:raw,1,42,320,0.8359411565000533,0.5167836265000771,0.4564979244940315
mlp:raw,1,42,340,0.8359437580565815,0.5167817474766486,0.4565167336743433
mlp:raw,1,42,360,0.835943804528014,0.5167771697049951,0.45651903835672647
mlp:raw,1,42,380,0.8359433668617784,0.5167769556844793,0.45651965132899314
mlp:raw,1,42,400,0.835943578601058,0.5167769556844793,0.45651953581682314
mlp:raw,1,42,420,0.8359442693170623,0.516779663373356,0.45651925990414344
mlp:raw,1,42,440,0.8359442379205172,0.516779663373356,0.45651805561235126
mlp:raw,1,42,460,0.8359437308515839,0.5167814268226716,0.45651844703720096
mlp:raw,1,42,480,0.8359439687506633,0.516781651777211,0.45651844703720096
mlp:raw,1,42,500,0.8359434587773029,0.516779663373356,0.45651805561235126
mlp:raw,1,1,20,0.3217347752167483,0.12397844147735707,0.17654906943716356
mlp:raw,1,1,40,0.41757751980422064,0.20225716227025953,0.2581840799267108
mlp:raw,1,1,60,0.5265862625276012,0.3198552380101258,0.33011259242779706
mlp:raw,1,1,80,0.6036424024754605,0.3763043807781165,0.3729142303687364
mlp:raw,1,1,100,0.6698561273871028,0.4271400410110667,0.4049399661315917
mlp:raw,1,1,120,0.7178801356910082,0.45493678635688894,0.4228540172821109
mlp:raw,1,1,140,0.7604203435537346,0.4725962688518307,0.4417478161186596
mlp:raw,1,1,160,0.7894098066992122,0.48711333846985283,0.45236866361689915
mlp:raw,1,1,180,0.8054727102634677,0.4951377590868705,0.46095513270140875
mlp:raw,1,1,200,0.8160392262492594,0.5039241453390269,0.4595738876711988
mlp:raw,1,1,220,0.8232639817306501,0.5054849568343919,0.4610562734415141
mlp:raw,1,1,240,0.8264770242506662,0.5061351354265767,0.45993646918635345
mlp:raw,1,1,260,0.8289802496767306,0.5087124203955662,0.45778349220730624
mlp:raw,1,1,280,0.8304740096803063,0.5092514173580565,0.4583783621583704
mlp:raw,1,1,300,0.8310894332184027,0.5091813563419758,0.457278479992463
mlp:raw,1,1,320,0.8342490533672218,0.5091433026081964,0.45686437111292433
mlp:raw,1,1,340,0.8346082094071051,0.5098481335575362,0.45718615576114163
mlp:raw,1,1,360,0.8346948836122339,0.5098511319422607,0.4573118231463601
mlp:raw,1,1,380,0.8347034810322682,0.5098668855089425,0.4573652369543887
mlp:raw,1,1,400,0.8347079161522236,0.5098894824243081,0.4573473841064122
mlp:raw,1,1,420,0.8347084871925163,0.5098871578774831,0.45734433210945824
mlp:raw,1,1,440,0.8347079529799575,0.5098870022604531,0.4573440460380158
mlp:raw,1,1,460,0.8347083429149609,0.5098844344825828,0.4573440460380158
mlp:raw,1,1,480,0.8347089467369098,0.5098851048038813,0.4573440460380158
mlp:raw,1,1,500,0.8347077975371208,0.5098874129559896,0.45734245443788696
mlp:raw,2,42,20,,,0.21368546662523885
mlp:raw,2,42,40,,,0.31381391451842805
mlp:raw,2,42,60,,,0.3843230084673646
mlp:raw,2,42,80,,,0.41907400453567534
mlp:raw,2,42,100,,,0.45132727757162183
mlp:raw,2,42,120,,,0.4657436269047661
mlp:raw,2,42,140,,,0.47116612205912956
mlp:raw,2,42,160,,,0.47069050288519176
mlp:raw,2,42,180,,,0.477667007849992
mlp:raw,2,42,200,,,0.47283743116722965
mlp:raw,2,42,220,,,0.4719521760346105
mlp:raw,2,42,240,,,0.47130401038909675
mlp:raw,2,42,260,,,0.47021456033223286
mlp:raw,2,42,280,,,0.47009358724402045
mlp:raw,2,42,300,,,0.4702876212237308
mlp:raw,2,42,320,,,0.47005734917065806
mlp:raw,2,42,340,,,0.4700209715658074
mlp:raw,2,42,360,,,0.4700198550686868
mlp:raw,2,42,380,,,0.47002285087473006
mlp:raw,2,42,400,,,0.4700205438117796
mlp:raw,2,42,420,,,0.47001973230389826
mlp:raw,2,42,440,,,0.47001951144145104
mlp:raw,2,42,460,,,0.470020145341163
mlp:raw,2,42,480,,,0.470020145341163
mlp:raw,2,42,500,,,0.4700136809464853
mlp:raw,2,1,20,,,0.20571616161978099
mlp:raw,2,1,40,,,0.3358123947939199
mlp:raw,2,1,60,,,0.39169678906822825
mlp:raw,2,1,80,,,0.4261473978501824
mlp:raw,2,1,100,,,0.4511197121398063
mlp:raw,2,1,120,,,0.4646051147905395
mlp:raw,2,1,140,,,0.47600486784307766
mlp:raw,2,1,160,,,0.4822417487114893
mlp:raw,2,1,180,,,0.48508846333860733
mlp:raw,2,1,200,,,0.4909635948770238
mlp:raw,2,1,220,,,0.4935527159834417
mlp:raw,2,1,240,,,0.49237213045654693
mlp:raw,2,1,260,,,0.4923932431189344
mlp:raw,2,1,280,,,0.49309116737284214
mlp:raw,2,1,300,,,0.4926732262257616
mlp:raw,2,1,320,,,0.49306666065767735
mlp:raw,2,1,340,,,0.49310976532506345
mlp:raw,2,1,360,,,0.4930993976752221
mlp:raw,2,1,380,,,0.4930950672655434
mlp:raw,2,1,400,,,0.49309904953381684
mlp:raw,2,1,420,,,0.493099202665657
mlp:raw,2,1,440,,,0.4930933442271619
mlp:raw,2,1,460,,,0.4930933442271619
mlp:raw,2,1,480,,,0.4930913090842298
mlp:raw,2,1,500,,,0.4930928751986844
mlp:raw,2,2,20,,,0.20231342317333517
mlp:raw,2,2,40,,,0.30042520622989516
mlp:raw,2,2,60,,,0.39586939388194775
mlp:raw,2,2,80,,,0.42496966290786364
mlp:raw,2,2,100,,,0.4445520700388257
mlp:raw,2,2,120,,,0.46165914208602465
mlp:raw,2,2,140,,,0.46799236494031654
mlp:raw,2,2,160,,,0.47430054303435276
mlp:raw,2,2,180,,,0.48179248490375803
mlp:raw,2,2,200,,,0.478020381806207
mlp:raw,2,2,220,,,0.4830612842886554
mlp:raw,2,2,240,,,0.4835579607289735
mlp:raw,2,2,260,,,0.4831942950618196
mlp:raw,2,2,280,,,0.48319415744211125
mlp:raw,2,2,300,,,0.48319233050221694
mlp:raw,2,2,320,,,0.48319058929446074
mlp:raw,2,2,340,,,0.4831904581574749
mlp:raw,2,2,360,,,0.4831849265459603
mlp:raw,2,2,380,,,0.4831849265459603
mlp:raw,2,2,400,,,0.48318547000949297
mlp:raw,2,2,420,,,0.48318547000949297
mlp:raw,2,2,440,,,0.48318547000949297
mlp:raw,2,2,460,,,0.48318860884893067
mlp:raw,2,2,480,,,0.4831861836004464
mlp:raw,2,2,500,,,0.4831861836004464
mlp:raw,2,3,20,,,0.20619452488207984
mlp:raw,2,3,40,,,0.31318178221201765
mlp:raw,2,3,60,,,0.40448742995383
mlp:raw,2,3,80,,,0.43100785209321457
mlp:raw,2,3,100,,,0.4524002962994103
mlp:raw,2,3,120,,,0.46061322774818136
mlp:raw,2,3,140,,,0.4715843866411479
mlp:raw,2,3,160,,,0.4735813056891086
mlp:raw,2,3,180,,,0.4751165542215052
mlp:raw,2,3,200,,,0.4773621790901795
mlp:raw,2,3,220,,,0.47693820262416936
mlp:raw,2,3,240,,,0.47672641600928256
mlp:raw,2,3,260,,,0.47657491061694385
mlp:raw,2,3,280,,,0.4766324289086843
mlp:raw,2,3,300,,,0.4766380242962972
mlp:raw,2,3,320,,,0.47663836670953796
mlp:raw,2,3,340,,,0.476638082687656
mlp:raw,2,3,360,,,0.47663858872731757
mlp:raw,2,3,380,,,0.47663574215009763
mlp:raw,2,3,400,,,0.4766366153895391
mlp:raw,2,3,420,,,0.47663748492757446
mlp:raw,2,3,440,,,0.4766368761778849
mlp:raw,2,3,460,,,0.4766368761778849
mlp:raw,2,3,480,,,0.4766413254854122
mlp:raw,2,3,500,,,0.4766393572795774
mlp:raw,2,4,20,,,0.20196609701039833
mlp:raw,2,4,40,,,0.3179221420638726
mlp:raw,2,4,60,,,0.40213724117095884
mlp:raw,2,4,80,,,0.423025947535407
mlp:raw,2,4,100,,,0.45027184628297107
mlp:raw,2,4,120,,,0.47223198876768324
mlp:raw,2,4,140,,,0.4794783596578186
mlp:raw,2,4,160,,,0.47677532233590864
mlp:raw,2,4,180,,,0.4822036080472135
mlp:raw,2,4,200,,,0.48091430990214323
mlp:raw,2,4,220,,,0.47974687156064344
mlp:raw,2,4,240,,,0.4793146294388264
mlp:raw,2,4,260,,,0.47935901326919755
mlp:raw,2,4,280,,,0.4791262628429781
mlp:raw,2,4,300,,,0.4790995192363127
mlp:raw,2,4,320,,,0.47913168720881255
mlp:raw,2,4,340,,,0.479129199934741
mlp:raw,2,4,360,,,0.4791288165094345
mlp:raw,2,4,380,,,0.4791280097186854
mlp:raw,2,4,400,,,0.47912940069998367
mlp:raw,2,4,420,,,0.4791299436645913
mlp:raw,2,4,440,,,0.4791309069787694
mlp:raw,2,4,460,,,0.47912614524983915
mlp:raw,2,4,480,,,0.4791255494511392
mlp:raw,2,4,500,,,0.4791295897109341
