representation,split,loss,subset,aggregation,metric,value,n,n_total,n_alleles,status
baseline_plus_conditional_all,leave_one_allele_out,mse,all,pooled,spearman,0.5689512293271072,28166,28166,75,ok
baseline_plus_conditional_all,leave_one_allele_out,mse,all,macro,spearman,0.4928341727259622,28166,28166,75,ok
baseline_plus_conditional_all,leave_one_allele_out,mse,all,size_weighted,spearman,0.5092983162947157,28166,28166,75,ok
baseline_plus_conditional_all,leave_one_allele_out,mse,all,pooled,pearson_log,0.581332877521407,28166,28166,75,ok
baseline_plus_conditional_all,leave_one_allele_out,mse,all,macro,pearson_log,0.49654007527921684,28166,28166,75,ok
baseline_plus_conditional_all,leave_one_allele_out,mse,all,size_weighted,pearson_log,0.51356655234419,28166,28166,75,ok
baseline_plus_conditional_all,leave_one_allele_out,mse,all,pooled,auc_gt_2h,0.7754371931694144,28166,28166,75,ok
baseline_plus_conditional_all,leave_one_allele_out,mse,all,macro,auc_gt_2h,0.7707734030775815,28166,28166,75,ok
baseline_plus_conditional_all,leave_one_allele_out,mse,all,size_weighted,auc_gt_2h,0.7798675609604442,28166,28166,75,ok
baseline_plus_conditional_all,leave_one_allele_out,mse,nonzero,pooled,spearman,0.477084624872781,22487,22487,75,ok
baseline_plus_conditional_all,leave_one_allele_out,mse,nonzero,macro,spearman,0.45268538762087396,22487,22487,75,ok
baseline_plus_conditional_all,leave_one_allele_out,mse,nonzero,size_weighted,spearman,0.48661383492288957,22487,22487,75,ok
baseline_plus_conditional_all,leave_one_allele_out,mse,nonzero,pooled,pearson_log,0.48613312105363815,22487,22487,75,ok
baseline_plus_conditional_all,leave_one_allele_out,mse,nonzero,macro,pearson_log,0.45917630724822156,22487,22487,75,ok
baseline_plus_conditional_all,leave_one_allele_out,mse,nonzero,size_weighted,pearson_log,0.48937749293762345,22487,22487,75,ok
baseline_plus_conditional_all,leave_one_allele_out,mse,nonzero,pooled,auc_gt_2h,0.7279396275486903,22487,22487,75,ok
baseline_plus_conditional_all,leave_one_allele_out,mse,nonzero,macro,auc_gt_2h,0.7356862065959916,22487,22487,75,ok
baseline_plus_conditional_all,leave_one_allele_out,mse,nonzero,size_weighted,auc_gt_2h,0.7523266978378139,22487,22487,75,ok
baseline_plus_conditional_all,peptide_disjoint,mse,all,pooled,spearman,0.7505499447797445,5670,5670,75,ok
baseline_plus_conditional_all,peptide_disjoint,mse,all,macro,spearman,0.5500287240060672,5665,5670,71,ok
baseline_plus_conditional_all,peptide_disjoint,mse,all,size_weighted,spearman,0.5771759501918704,5665,5670,71,ok
baseline_plus_conditional_all,peptide_disjoint,mse,all,pooled,pearson_log,0.7491154036136187,5670,5670,75,ok
baseline_plus_conditional_all,peptide_disjoint,mse,all,macro,pearson_log,0.5681443693406736,5665,5670,71,ok
baseline_plus_conditional_all,peptide_disjoint,mse,all,size_weighted,pearson_log,0.5852264510498238,5665,5670,71,ok
baseline_plus_conditional_all,peptide_disjoint,mse,all,pooled,auc_gt_2h,0.8752593880569901,5670,5670,75,ok
baseline_plus_conditional_all,peptide_disjoint,mse,all,macro,auc_gt_2h,0.80195251304569,5593,5670,69,ok
baseline_plus_conditional_all,peptide_disjoint,mse,all,size_weighted,auc_gt_2h,0.8121849879340193,5593,5670,69,ok
baseline_plus_conditional_all,peptide_disjoint,mse,nonzero,pooled,spearman,0.6775195435405964,4536,4536,73,ok
baseline_plus_conditional_all,peptide_disjoint,mse,nonzero,macro,spearman,0.5109215296261688,4534,4536,71,ok
baseline_plus_conditional_all,peptide_disjoint,mse,nonzero,size_weighted,spearman,0.5485103193346584,4534,4536,71,ok
baseline_plus_conditional_all,peptide_disjoint,mse,nonzero,pooled,pearson_log,0.6794408237355067,4536,4536,73,ok
baseline_plus_conditional_all,peptide_disjoint,mse,nonzero,macro,pearson_log,0.5378051662647497,4534,4536,71,ok
baseline_plus_conditional_all,peptide_disjoint,mse,nonzero,size_weighted,pearson_log,0.5584828559676802,4534,4536,71,ok
baseline_plus_conditional_all,peptide_disjoint,mse,nonzero,pooled,auc_gt_2h,0.8370890165948645,4536,4536,73,ok
baseline_plus_conditional_all,peptide_disjoint,mse,nonzero,macro,auc_gt_2h,0.769652888395841,4525,4536,69,ok
baseline_plus_conditional_all,peptide_disjoint,mse,nonzero,size_weighted,auc_gt_2h,0.7865082798095966,4525,4536,69,ok
baseline_plus_conditional_all,random,mse,all,pooled,spearman,0.7045106750687228,5634,5634,75,ok
baseline_plus_conditional_all,random,mse,all,macro,spearman,0.48218675107879905,5633,5634,74,ok
baseline_plus_conditional_all,random,mse,all,size_weighted,spearman,0.5018834527734253,5633,5634,74,ok
baseline_plus_conditional_all,random,mse,all,pooled,pearson_log,0.7037459200282596,5634,5634,75,ok
baseline_plus_conditional_all,random,mse,all,macro,pearson_log,0.48738120996846374,5633,5634,74,ok
baseline_plus_conditional_all,random,mse,all,size_weighted,pearson_log,0.5118570148824847,5633,5634,74,ok
baseline_plus_conditional_all,random,mse,all,pooled,auc_gt_2h,0.8576970967867124,5634,5634,75,ok
baseline_plus_conditional_all,random,mse,all,macro,auc_gt_2h,0.7772859286263063,5552,5634,71,ok
baseline_plus_conditional_all,random,mse,all,size_weighted,auc_gt_2h,0.783139833496129,5552,5634,71,ok
baseline_plus_conditional_all,random,mse,nonzero,pooled,spearman,0.6169449032417499,4508,4508,74,ok
baseline_plus_conditional_all,random,mse,nonzero,macro,spearman,0.43416868632518657,4507,4508,73,ok
baseline_plus_conditional_all,random,mse,nonzero,size_weighted,spearman,0.46494398034539114,4507,4508,73,ok
baseline_plus_conditional_all,random,mse,nonzero,pooled,pearson_log,0.614154186492261,4508,4508,74,ok
baseline_plus_conditional_all,random,mse,nonzero,macro,pearson_log,0.44428820320667406,4507,4508,73,ok
baseline_plus_conditional_all,random,mse,nonzero,size_weighted,pearson_log,0.47465910619753593,4507,4508,73,ok
baseline_plus_conditional_all,random,mse,nonzero,pooled,auc_gt_2h,0.816978988014663,4508,4508,74,ok
baseline_plus_conditional_all,random,mse,nonzero,macro,auc_gt_2h,0.7443116721125869,4498,4508,71,ok
baseline_plus_conditional_all,random,mse,nonzero,size_weighted,auc_gt_2h,0.7532789014457868,4498,4508,71,ok
baseline_plus_conditional_anchor_softmax,leave_one_allele_out,mse,all,pooled,spearman,0.5585769887203611,28166,28166,75,ok
baseline_plus_conditional_anchor_softmax,leave_one_allele_out,mse,all,macro,spearman,0.4585141147210027,28166,28166,75,ok
baseline_plus_conditional_anchor_softmax,leave_one_allele_out,mse,all,size_weighted,spearman,0.48028738297727047,28166,28166,75,ok
baseline_plus_conditional_anchor_softmax,leave_one_allele_out,mse,all,pooled,pearson_log,0.5671903027733134,28166,28166,75,ok
baseline_plus_conditional_anchor_softmax,leave_one_allele_out,mse,all,macro,pearson_log,0.4565468021141833,28166,28166,75,ok
baseline_plus_conditional_anchor_softmax,leave_one_allele_out,mse,all,size_weighted,pearson_log,0.48030020785265165,28166,28166,75,ok
baseline_plus_conditional_anchor_softmax,leave_one_allele_out,mse,all,pooled,auc_gt_2h,0.771423507810841,28166,28166,75,ok
baseline_plus_conditional_anchor_softmax,leave_one_allele_out,mse,all,macro,auc_gt_2h,0.7527736907601146,28166,28166,75,ok
baseline_plus_conditional_anchor_softmax,leave_one_allele_out,mse,all,size_weighted,auc_gt_2h,0.7658246707987172,28166,28166,75,ok
baseline_plus_conditional_anchor_softmax,leave_one_allele_out,mse,nonzero,pooled,spearman,0.47040640937659783,22487,22487,75,ok
baseline_plus_conditional_anchor_softmax,leave_one_allele_out,mse,nonzero,macro,spearman,0.4324527310865766,22487,22487,75,ok
baseline_plus_conditional_anchor_softmax,leave_one_allele_out,mse,nonzero,size_weighted,spearman,0.46825979222278485,22487,22487,75,ok
baseline_plus_conditional_anchor_softmax,leave_one_allele_out,mse,nonzero,pooled,pearson_log,0.4718761087121739,22487,22487,75,ok
baseline_plus_conditional_anchor_softmax,leave_one_allele_out,mse,nonzero,macro,pearson_log,0.4302268111416948,22487,22487,75,ok
baseline_plus_conditional_anchor_softmax,leave_one_allele_out,mse,nonzero,size_weighted,pearson_log,0.46865974178052083,22487,22487,75,ok
baseline_plus_conditional_anchor_softmax,leave_one_allele_out,mse,nonzero,pooled,auc_gt_2h,0.7252072483557133,22487,22487,75,ok
baseline_plus_conditional_anchor_softmax,leave_one_allele_out,mse,nonzero,macro,auc_gt_2h,0.7239274748294262,22487,22487,75,ok
baseline_plus_conditional_anchor_softmax,leave_one_allele_out,mse,nonzero,size_weighted,auc_gt_2h,0.7416693146157824,22487,22487,75,ok
baseline_plus_conditional_anchor_softmax,peptide_disjoint,mse,all,pooled,spearman,0.7427783067107195,5670,5670,75,ok
baseline_plus_conditional_anchor_softmax,peptide_disjoint,mse,all,macro,spearman,0.5453510607662458,5665,5670,71,ok
baseline_plus_conditional_anchor_softmax,peptide_disjoint,mse,all,size_weighted,spearman,0.5698746175317886,5665,5670,71,ok
baseline_plus_conditional_anchor_softmax,peptide_disjoint,mse,all,pooled,pearson_log,0.7430103820780444,5670,5670,75,ok
baseline_plus_conditional_anchor_softmax,peptide_disjoint,mse,all,macro,pearson_log,0.5524092607759667,5665,5670,71,ok
baseline_plus_conditional_anchor_softmax,peptide_disjoint,mse,all,size_weighted,pearson_log,0.5750713018186225,5665,5670,71,ok
baseline_plus_conditional_anchor_softmax,peptide_disjoint,mse,all,pooled,auc_gt_2h,0.8728960890665145,5670,5670,75,ok
baseline_plus_conditional_anchor_softmax,peptide_disjoint,mse,all,macro,auc_gt_2h,0.8026302499037596,5593,5670,69,ok
baseline_plus_conditional_anchor_softmax,peptide_disjoint,mse,all,size_weighted,auc_gt_2h,0.8047155976023187,5593,5670,69,ok
baseline_plus_conditional_anchor_softmax,peptide_disjoint,mse,nonzero,pooled,spearman,0.6720777288803038,4536,4536,73,ok
baseline_plus_conditional_anchor_softmax,peptide_disjoint,mse,nonzero,macro,spearman,0.49473661096652577,4534,4536,71,ok
baseline_plus_conditional_anchor_softmax,peptide_disjoint,mse,nonzero,size_weighted,spearman,0.5352408723105455,4534,4536,71,ok
baseline_plus_conditional_anchor_softmax,peptide_disjoint,mse,nonzero,pooled,pearson_log,0.670185680410258,4536,4536,73,ok
baseline_plus_conditional_anchor_softmax,peptide_disjoint,mse,nonzero,macro,pearson_log,0.5129023939006957,4534,4536,71,ok
baseline_plus_conditional_anchor_softmax,peptide_disjoint,mse,nonzero,size_weighted,pearson_log,0.5455260078920554,4534,4536,71,ok
baseline_plus_conditional_anchor_softmax,peptide_disjoint,mse,nonzero,pooled,auc_gt_2h,0.8360244257119305,4536,4536,73,ok
baseline_plus_conditional_anchor_softmax,peptide_disjoint,mse,nonzero,macro,auc_gt_2h,0.7712104485266666,4525,4536,69,ok
baseline_plus_conditional_anchor_softmax,peptide_disjoint,mse,nonzero,size_weighted,auc_gt_2h,0.7801461139457699,4525,4536,69,ok
baseline_plus_conditional_anchor_softmax,random,mse,all,pooled,spearman,0.6651085243435901,5634,5634,75,ok
baseline_plus_conditional_anchor_softmax,random,mse,all,macro,spearman,0.4350401781609295,5633,5634,74,ok
baseline_plus_conditional_anchor_softmax,random,mse,all,size_weighted,spearman,0.4396779983105467,5633,5634,74,ok
baseline_plus_conditional_anchor_softmax,random,mse,all,pooled,pearson_log,0.6706527775683402,5634,5634,75,ok
baseline_plus_conditional_anchor_softmax,random,mse,all,macro,pearson_log,0.421114410273263,5633,5634,74,ok
baseline_plus_conditional_anchor_softmax,random,mse,all,size_weighted,pearson_log,0.44185325726079544,5633,5634,74,ok
baseline_plus_conditional_anchor_softmax,random,mse,all,pooled,auc_gt_2h,0.8331749196365672,5634,5634,75,ok
baseline_plus_conditional_anchor_softmax,random,mse,all,macro,auc_gt_2h,0.751792535591051,5552,5634,71,ok
baseline_plus_conditional_anchor_softmax,random,mse,all,size_weighted,auc_gt_2h,0.7517561578199004,5552,5634,71,ok
baseline_plus_conditional_anchor_softmax,random,mse,nonzero,pooled,spearman,0.5821960968760629,4508,4508,74,ok
baseline_plus_conditional_anchor_softmax,random,mse,nonzero,macro,spearman,0.41859085589783873,4507,4508,73,ok
baseline_plus_conditional_anchor_softmax,random,mse,nonzero,size_weighted,spearman,0.42795391130760463,4507,4508,73,ok
baseline_plus_conditional_anchor_softmax,random,mse,nonzero,pooled,pearson_log,0.5823174356453275,4508,4508,74,ok
baseline_plus_conditional_anchor_softmax,random,mse,nonzero,macro,pearson_log,0.41894830552162793,4507,4508,73,ok
baseline_plus_conditional_anchor_softmax,random,mse,nonzero,size_weighted,pearson_log,0.43179001885165774,4507,4508,73,ok
baseline_plus_conditional_anchor_softmax,random,mse,nonzero,pooled,auc_gt_2h,0.7908511539988555,4508,4508,74,ok
baseline_plus_conditional_anchor_softmax,random,mse,nonzero,macro,auc_gt_2h,0.7303541754890225,4498,4508,71,ok
baseline_plus_conditional_anchor_softmax,random,mse,nonzero,size_weighted,auc_gt_2h,0.726754214081867,4498,4508,71,ok
baseline_plus_conditional_logp_per_position,leave_one_allele_out,mse,all,pooled,spearman,0.5197931651118589,28166,28166,75,ok
baseline_plus_conditional_logp_per_position,leave_one_allele_out,mse,all,macro,spearman,0.4779072108760078,28166,28166,75,ok
baseline_plus_conditional_logp_per_position,leave_one_allele_out,mse,all,size_weighted,spearman,0.49766847651235374,28166,28166,75,ok
baseline_plus_conditional_logp_per_position,leave_one_allele_out,mse,all,pooled,pearson_log,0.5304972897775162,28166,28166,75,ok
baseline_plus_conditional_logp_per_position,leave_one_allele_out,mse,all,macro,pearson_log,0.47967951328822667,28166,28166,75,ok
baseline_plus_conditional_logp_per_position,leave_one_allele_out,mse,all,size_weighted,pearson_log,0.4970203268821439,28166,28166,75,ok
baseline_plus_conditional_logp_per_position,leave_one_allele_out,mse,all,pooled,auc_gt_2h,0.7512948935727621,28166,28166,75,ok
baseline_plus_conditional_logp_per_position,leave_one_allele_out,mse,all,macro,auc_gt_2h,0.7605010016044935,28166,28166,75,ok
baseline_plus_conditional_logp_per_position,leave_one_allele_out,mse,all,size_weighted,auc_gt_2h,0.7707541359010722,28166,28166,75,ok
baseline_plus_conditional_logp_per_position,leave_one_allele_out,mse,nonzero,pooled,spearman,0.4352365268329317,22487,22487,75,ok
baseline_plus_conditional_logp_per_position,leave_one_allele_out,mse,nonzero,macro,spearman,0.43969488523859535,22487,22487,75,ok
baseline_plus_conditional_logp_per_position,leave_one_allele_out,mse,nonzero,size_weighted,spearman,0.4810283034507813,22487,22487,75,ok
baseline_plus_conditional_logp_per_position,leave_one_allele_out,mse,nonzero,pooled,pearson_log,0.44468510020889634,22487,22487,75,ok
baseline_plus_conditional_logp_per_position,leave_one_allele_out,mse,nonzero,macro,pearson_log,0.43884010479646096,22487,22487,75,ok
baseline_plus_conditional_logp_per_position,leave_one_allele_out,mse,nonzero,size_weighted,pearson_log,0.4795160864452068,22487,22487,75,ok
baseline_plus_conditional_logp_per_position,leave_one_allele_out,mse,nonzero,pooled,auc_gt_2h,0.7062837522994085,22487,22487,75,ok
baseline_plus_conditional_logp_per_position,leave_one_allele_out,mse,nonzero,macro,auc_gt_2h,0.7248714608919574,22487,22487,75,ok
baseline_plus_conditional_logp_per_position,leave_one_allele_out,mse,nonzero,size_weighted,auc_gt_2h,0.7462007285115232,22487,22487,75,ok
baseline_plus_conditional_logp_per_position,peptide_disjoint,mse,all,pooled,spearman,0.7350495769540536,5670,5670,75,ok
baseline_plus_conditional_logp_per_position,peptide_disjoint,mse,all,macro,spearman,0.5426177270392536,5665,5670,71,ok
baseline_plus_conditional_logp_per_position,peptide_disjoint,mse,all,size_weighted,spearman,0.5503038359932586,5665,5670,71,ok
baseline_plus_conditional_logp_per_position,peptide_disjoint,mse,all,pooled,pearson_log,0.733778447946664,5670,5670,75,ok
baseline_plus_conditional_logp_per_position,peptide_disjoint,mse,all,macro,pearson_log,0.5507708266378437,5665,5670,71,ok
baseline_plus_conditional_logp_per_position,peptide_disjoint,mse,all,size_weighted,pearson_log,0.555013640208227,5665,5670,71,ok
baseline_plus_conditional_logp_per_position,peptide_disjoint,mse,all,pooled,auc_gt_2h,0.8694875820725092,5670,5670,75,ok
baseline_plus_conditional_logp_per_position,peptide_disjoint,mse,all,macro,auc_gt_2h,0.7976461672925711,5593,5670,69,ok
baseline_plus_conditional_logp_per_position,peptide_disjoint,mse,all,size_weighted,auc_gt_2h,0.7976077635292428,5593,5670,69,ok
baseline_plus_conditional_logp_per_position,peptide_disjoint,mse,nonzero,pooled,spearman,0.6608420690238349,4536,4536,73,ok
baseline_plus_conditional_logp_per_position,peptide_disjoint,mse,nonzero,macro,spearman,0.5064738554906062,4534,4536,71,ok
baseline_plus_conditional_logp_per_position,peptide_disjoint,mse,nonzero,size_weighted,spearman,0.5205951301104278,4534,4536,71,ok
baseline_plus_conditional_logp_per_position,peptide_disjoint,mse,nonzero,pooled,pearson_log,0.6592463102912627,4536,4536,73,ok
baseline_plus_conditional_logp_per_position,peptide_disjoint,mse,nonzero,macro,pearson_log,0.5195929245901101,4534,4536,71,ok
baseline_plus_conditional_logp_per_position,peptide_disjoint,mse,nonzero,size_weighted,pearson_log,0.5278358878269584,4534,4536,71,ok
baseline_plus_conditional_logp_per_position,peptide_disjoint,mse,nonzero,pooled,auc_gt_2h,0.8307912888626219,4536,4536,73,ok
baseline_plus_conditional_logp_per_position,peptide_disjoint,mse,nonzero,macro,auc_gt_2h,0.7664999377720387,4525,4536,69,ok
baseline_plus_conditional_logp_per_position,peptide_disjoint,mse,nonzero,size_weighted,auc_gt_2h,0.772571435354898,4525,4536,69,ok
baseline_plus_conditional_logp_per_position,random,mse,all,pooled,spearman,0.7057269227293285,5634,5634,75,ok
baseline_plus_conditional_logp_per_position,random,mse,all,macro,spearman,0.47724424681068506,5633,5634,74,ok
baseline_plus_conditional_logp_per_position,random,mse,all,size_weighted,spearman,0.4976498526624064,5633,5634,74,ok
baseline_plus_conditional_logp_per_position,random,mse,all,pooled,pearson_log,0.7083828499773093,5634,5634,75,ok
baseline_plus_conditional_logp_per_position,random,mse,all,macro,pearson_log,0.48482535321804987,5633,5634,74,ok
baseline_plus_conditional_logp_per_position,random,mse,all,size_weighted,pearson_log,0.5048332466046791,5633,5634,74,ok
baseline_plus_conditional_logp_per_position,random,mse,all,pooled,auc_gt_2h,0.8548523595309026,5634,5634,75,ok
baseline_plus_conditional_logp_per_position,random,mse,all,macro,auc_gt_2h,0.778836058986885,5552,5634,71,ok
baseline_plus_conditional_logp_per_position,random,mse,all,size_weighted,auc_gt_2h,0.7763536927535436,5552,5634,71,ok
baseline_plus_conditional_logp_per_position,random,mse,nonzero,pooled,spearman,0.6205325969292699,4508,4508,74,ok
baseline_plus_conditional_logp_per_position,random,mse,nonzero,macro,spearman,0.43620506547569765,4507,4508,73,ok
baseline_plus_conditional_logp_per_position,random,mse,nonzero,size_weighted,spearman,0.46884775454002786,4507,4508,73,ok
baseline_plus_conditional_logp_per_position,random,mse,nonzero,pooled,pearson_log,0.6192909285932762,4508,4508,74,ok
baseline_plus_conditional_logp_per_position,random,mse,nonzero,macro,pearson_log,0.44761178565710924,4507,4508,73,ok
baseline_plus_conditional_logp_per_position,random,mse,nonzero,size_weighted,pearson_log,0.47048025145113087,4507,4508,73,ok
baseline_plus_conditional_logp_per_position,random,mse,nonzero,pooled,auc_gt_2h,0.813285892481356,4508,4508,74,ok
baseline_plus_conditional_logp_per_position,random,mse,nonzero,macro,auc_gt_2h,0.74544245221602,4498,4508,71,ok
baseline_plus_conditional_logp_per_position,random,mse,nonzero,size_weighted,auc_gt_2h,0.7479895933777242,4498,4508,71,ok
baseline_plus_conditional_mean_logp,leave_one_allele_out,mse,all,pooled,spearman,0.5376925605188166,28166,28166,75,ok
baseline_plus_conditional_mean_logp,leave_one_allele_out,mse,all,macro,spearman,0.46304646259886967,28166,28166,75,ok
baseline_plus_conditional_mean_logp,leave_one_allele_out,mse,all,size_weighted,spearman,0.48469000903337595,28166,28166,75,ok
baseline_plus_conditional_mean_logp,leave_one_allele_out,mse,all,pooled,pearson_log,0.5477823135452004,28166,28166,75,ok
baseline_plus_conditional_mean_logp,leave_one_allele_out,mse,all,macro,pearson_log,0.46503283296754366,28166,28166,75,ok
baseline_plus_conditional_mean_logp,leave_one_allele_out,mse,all,size_weighted,pearson_log,0.48489065755228344,28166,28166,75,ok
baseline_plus_conditional_mean_logp,leave_one_allele_out,mse,all,pooled,auc_gt_2h,0.7635442412656628,28166,28166,75,ok
baseline_plus_conditional_mean_logp,leave_one_allele_out,mse,all,macro,auc_gt_2h,0.7513106262295417,28166,28166,75,ok
baseline_plus_conditional_mean_logp,leave_one_allele_out,mse,all,size_weighted,auc_gt_2h,0.7661989759544724,28166,28166,75,ok
baseline_plus_conditional_mean_logp,leave_one_allele_out,mse,nonzero,pooled,spearman,0.45880007837091497,22487,22487,75,ok
baseline_plus_conditional_mean_logp,leave_one_allele_out,mse,nonzero,macro,spearman,0.43013940099674824,22487,22487,75,ok
baseline_plus_conditional_mean_logp,leave_one_allele_out,mse,nonzero,size_weighted,spearman,0.4673828664708851,22487,22487,75,ok
baseline_plus_conditional_mean_logp,leave_one_allele_out,mse,nonzero,pooled,pearson_log,0.46793461276693993,22487,22487,75,ok
baseline_plus_conditional_mean_logp,leave_one_allele_out,mse,nonzero,macro,pearson_log,0.42620151308894716,22487,22487,75,ok
baseline_plus_conditional_mean_logp,leave_one_allele_out,mse,nonzero,size_weighted,pearson_log,0.468766935631942,22487,22487,75,ok
baseline_plus_conditional_mean_logp,leave_one_allele_out,mse,nonzero,pooled,auc_gt_2h,0.7204853615203533,22487,22487,75,ok
baseline_plus_conditional_mean_logp,leave_one_allele_out,mse,nonzero,macro,auc_gt_2h,0.7187685027272995,22487,22487,75,ok
baseline_plus_conditional_mean_logp,leave_one_allele_out,mse,nonzero,size_weighted,auc_gt_2h,0.74184118125855,22487,22487,75,ok
baseline_plus_conditional_mean_logp,peptide_disjoint,mse,all,pooled,spearman,0.7393585336549912,5670,5670,75,ok
baseline_plus_conditional_mean_logp,peptide_disjoint,mse,all,macro,spearman,0.559221489786858,5665,5670,71,ok
baseline_plus_conditional_mean_logp,peptide_disjoint,mse,all,size_weighted,spearman,0.5730785142005248,5665,5670,71,ok
baseline_plus_conditional_mean_logp,peptide_disjoint,mse,all,pooled,pearson_log,0.7379282344305886,5670,5670,75,ok
baseline_plus_conditional_mean_logp,peptide_disjoint,mse,all,macro,pearson_log,0.5659462568764755,5665,5670,71,ok
baseline_plus_conditional_mean_logp,peptide_disjoint,mse,all,size_weighted,pearson_log,0.5725018779006051,5665,5670,71,ok
baseline_plus_conditional_mean_logp,peptide_disjoint,mse,all,pooled,auc_gt_2h,0.8718794280227339,5670,5670,75,ok
baseline_plus_conditional_mean_logp,peptide_disjoint,mse,all,macro,auc_gt_2h,0.812367124224193,5593,5670,69,ok
baseline_plus_conditional_mean_logp,peptide_disjoint,mse,all,size_weighted,auc_gt_2h,0.811301197385286,5593,5670,69,ok
baseline_plus_conditional_mean_logp,peptide_disjoint,mse,nonzero,pooled,spearman,0.6647185684807704,4536,4536,73,ok
baseline_plus_conditional_mean_logp,peptide_disjoint,mse,nonzero,macro,spearman,0.5241193572279482,4534,4536,71,ok
baseline_plus_conditional_mean_logp,peptide_disjoint,mse,nonzero,size_weighted,spearman,0.5446633666196997,4534,4536,71,ok
baseline_plus_conditional_mean_logp,peptide_disjoint,mse,nonzero,pooled,pearson_log,0.6635559698972747,4536,4536,73,ok
baseline_plus_conditional_mean_logp,peptide_disjoint,mse,nonzero,macro,pearson_log,0.5436142406653642,4534,4536,71,ok
baseline_plus_conditional_mean_logp,peptide_disjoint,mse,nonzero,size_weighted,pearson_log,0.5505982418885563,4534,4536,71,ok
baseline_plus_conditional_mean_logp,peptide_disjoint,mse,nonzero,pooled,auc_gt_2h,0.8340340529107112,4536,4536,73,ok
baseline_plus_conditional_mean_logp,peptide_disjoint,mse,nonzero,macro,auc_gt_2h,0.783335766336225,4525,4536,69,ok
baseline_plus_conditional_mean_logp,peptide_disjoint,mse,nonzero,size_weighted,auc_gt_2h,0.788507979765287,4525,4536,69,ok
baseline_plus_conditional_mean_logp,random,mse,all,pooled,spearman,0.692427457586361,5634,5634,75,ok
baseline_plus_conditional_mean_logp,random,mse,all,macro,spearman,0.4734757236271829,5633,5634,74,ok
baseline_plus_conditional_mean_logp,random,mse,all,size_weighted,spearman,0.4813025556110863,5633,5634,74,ok
baseline_plus_conditional_mean_logp,random,mse,all,pooled,pearson_log,0.695934220044393,5634,5634,75,ok
baseline_plus_conditional_mean_logp,random,mse,all,macro,pearson_log,0.46501883534533506,5633,5634,74,ok
baseline_plus_conditional_mean_logp,random,mse,all,size_weighted,pearson_log,0.4827924709648778,5633,5634,74,ok
baseline_plus_conditional_mean_logp,random,mse,all,pooled,auc_gt_2h,0.8466680830714848,5634,5634,75,ok
baseline_plus_conditional_mean_logp,random,mse,all,macro,auc_gt_2h,0.7760511164163536,5552,5634,71,ok
baseline_plus_conditional_mean_logp,random,mse,all,size_weighted,auc_gt_2h,0.7700205061708708,5552,5634,71,ok
baseline_plus_conditional_mean_logp,random,mse,nonzero,pooled,spearman,0.5991502570413024,4508,4508,74,ok
baseline_plus_conditional_mean_logp,random,mse,nonzero,macro,spearman,0.4231034045820002,4507,4508,73,ok
baseline_plus_conditional_mean_logp,random,mse,nonzero,size_weighted,spearman,0.44793357296625436,4507,4508,73,ok
baseline_plus_conditional_mean_logp,random,mse,nonzero,pooled,pearson_log,0.5969319427186034,4508,4508,74,ok
baseline_plus_conditional_mean_logp,random,mse,nonzero,macro,pearson_log,0.43013844946493096,4507,4508,73,ok
baseline_plus_conditional_mean_logp,random,mse,nonzero,size_weighted,pearson_log,0.4501078254386624,4507,4508,73,ok
baseline_plus_conditional_mean_logp,random,mse,nonzero,pooled,auc_gt_2h,0.8024949751894134,4508,4508,74,ok
baseline_plus_conditional_mean_logp,random,mse,nonzero,macro,auc_gt_2h,0.7389276944870922,4498,4508,71,ok
baseline_plus_conditional_mean_logp,random,mse,nonzero,size_weighted,auc_gt_2h,0.7403863930732177,4498,4508,71,ok
