split,fold,representation,loss,seconds,last_batch_loss,optimizer_steps,n_parameters
random,holdout,baseline_plus_conditional_mean_logp,mse,0.07948850002139807,3.1141767501831055,20,57281
random,holdout,baseline_plus_conditional_logp_per_position,mse,0.05765550001524389,3.2884182929992676,20,57793
random,holdout,baseline_plus_conditional_anchor_softmax,mse,0.06008720793761313,3.0256452560424805,20,59777
random,holdout,baseline_plus_conditional_all,mse,0.061105458065867424,2.892420768737793,20,60417
peptide_disjoint,holdout,baseline_plus_conditional_mean_logp,mse,0.05706508387811482,3.429586172103882,20,57281
peptide_disjoint,holdout,baseline_plus_conditional_logp_per_position,mse,0.05744133400730789,3.5326969623565674,20,57793
peptide_disjoint,holdout,baseline_plus_conditional_anchor_softmax,mse,0.05893791583366692,3.124603271484375,20,59777
peptide_disjoint,holdout,baseline_plus_conditional_all,mse,0.05800454202108085,3.1404788494110107,20,60417
leave_one_allele_out,HLA-A*01:01,baseline_plus_conditional_mean_logp,mse,0.16339529189281166,3.4365456104278564,20,57281
leave_one_allele_out,HLA-A*01:01,baseline_plus_conditional_logp_per_position,mse,0.1018912501167506,3.2974019050598145,20,57793
leave_one_allele_out,HLA-A*01:01,baseline_plus_conditional_anchor_softmax,mse,0.10244591603986919,3.0550177097320557,20,59777
leave_one_allele_out,HLA-A*01:01,baseline_plus_conditional_all,mse,0.09624904207885265,3.073404550552368,20,60417
leave_one_allele_out,HLA-A*02:01,baseline_plus_conditional_mean_logp,mse,0.07923037512227893,3.3044230937957764,20,57281
leave_one_allele_out,HLA-A*02:01,baseline_plus_conditional_logp_per_position,mse,0.08361612516455352,3.4122185707092285,20,57793
leave_one_allele_out,HLA-A*02:01,baseline_plus_conditional_anchor_softmax,mse,0.10250191600061953,3.038992166519165,20,59777
leave_one_allele_out,HLA-A*02:01,baseline_plus_conditional_all,mse,0.09200450009666383,3.1428134441375732,20,60417
leave_one_allele_out,HLA-A*02:03,baseline_plus_conditional_mean_logp,mse,0.09793370799161494,3.2044827938079834,20,57281
leave_one_allele_out,HLA-A*02:03,baseline_plus_conditional_logp_per_position,mse,0.12461804202757776,3.299586772918701,20,57793
leave_one_allele_out,HLA-A*02:03,baseline_plus_conditional_anchor_softmax,mse,0.08587295794859529,3.1626176834106445,20,59777
leave_one_allele_out,HLA-A*02:03,baseline_plus_conditional_all,mse,0.07900495803914964,2.935030460357666,20,60417
leave_one_allele_out,HLA-A*02:05,baseline_plus_conditional_mean_logp,mse,0.08693354204297066,3.2260663509368896,20,57281
leave_one_allele_out,HLA-A*02:05,baseline_plus_conditional_logp_per_position,mse,0.075732208089903,3.3507776260375977,20,57793
leave_one_allele_out,HLA-A*02:05,baseline_plus_conditional_anchor_softmax,mse,0.08016345812939107,3.2213950157165527,20,59777
leave_one_allele_out,HLA-A*02:05,baseline_plus_conditional_all,mse,0.07751099998131394,3.1431944370269775,20,60417
leave_one_allele_out,HLA-A*02:10,baseline_plus_conditional_mean_logp,mse,0.07982341712340713,3.361719846725464,20,57281
leave_one_allele_out,HLA-A*02:10,baseline_plus_conditional_logp_per_position,mse,0.07112491712905467,3.3034865856170654,20,57793
leave_one_allele_out,HLA-A*02:10,baseline_plus_conditional_anchor_softmax,mse,0.07346583297476172,3.2091639041900635,20,59777
leave_one_allele_out,HLA-A*02:10,baseline_plus_conditional_all,mse,0.08002245798707008,3.0650761127471924,20,60417
leave_one_allele_out,HLA-A*02:11,baseline_plus_conditional_mean_logp,mse,0.07231070892885327,3.2329466342926025,20,57281
leave_one_allele_out,HLA-A*02:11,baseline_plus_conditional_logp_per_position,mse,0.08189649996347725,3.3612325191497803,20,57793
leave_one_allele_out,HLA-A*02:11,baseline_plus_conditional_anchor_softmax,mse,0.08070375001989305,3.023979663848877,20,59777
leave_one_allele_out,HLA-A*02:11,baseline_plus_conditional_all,mse,0.07656212500296533,3.1196229457855225,20,60417
leave_one_allele_out,HLA-A*02:12,baseline_plus_conditional_mean_logp,mse,0.07453700015321374,3.216658115386963,20,57281
leave_one_allele_out,HLA-A*02:12,baseline_plus_conditional_logp_per_position,mse,0.07838229206390679,3.52687931060791,20,57793
leave_one_allele_out,HLA-A*02:12,baseline_plus_conditional_anchor_softmax,mse,0.08218316710554063,3.0839672088623047,20,59777
leave_one_allele_out,HLA-A*02:12,baseline_plus_conditional_all,mse,0.0598904169164598,3.1648383140563965,20,60417
leave_one_allele_out,HLA-A*02:16,baseline_plus_conditional_mean_logp,mse,0.06576725002378225,3.2797722816467285,20,57281
leave_one_allele_out,HLA-A*02:16,baseline_plus_conditional_logp_per_position,mse,0.07860562507994473,3.3078835010528564,20,57793
leave_one_allele_out,HLA-A*02:16,baseline_plus_conditional_anchor_softmax,mse,0.07809420814737678,3.077303647994995,20,59777
leave_one_allele_out,HLA-A*02:16,baseline_plus_conditional_all,mse,0.07909650006331503,3.0348479747772217,20,60417
leave_one_allele_out,HLA-A*02:19,baseline_plus_conditional_mean_logp,mse,0.07545558293350041,3.273489475250244,20,57281
leave_one_allele_out,HLA-A*02:19,baseline_plus_conditional_logp_per_position,mse,0.08146754209883511,3.373831272125244,20,57793
leave_one_allele_out,HLA-A*02:19,baseline_plus_conditional_anchor_softmax,mse,0.07856595795601606,3.1129984855651855,20,59777
leave_one_allele_out,HLA-A*02:19,baseline_plus_conditional_all,mse,0.07588716689497232,3.0010790824890137,20,60417
leave_one_allele_out,HLA-A*02:50,baseline_plus_conditional_mean_logp,mse,0.08074124995619059,3.415884494781494,20,57281
leave_one_allele_out,HLA-A*02:50,baseline_plus_conditional_logp_per_position,mse,0.07477112510241568,3.2928993701934814,20,57793
leave_one_allele_out,HLA-A*02:50,baseline_plus_conditional_anchor_softmax,mse,0.07505229208618402,3.2707021236419678,20,59777
leave_one_allele_out,HLA-A*02:50,baseline_plus_conditional_all,mse,0.07568612485192716,2.9931626319885254,20,60417
leave_one_allele_out,HLA-A*03:01,baseline_plus_conditional_mean_logp,mse,0.07808820903301239,3.3628334999084473,20,57281
leave_one_allele_out,HLA-A*03:01,baseline_plus_conditional_logp_per_position,mse,0.07549641700461507,3.208333730697632,20,57793
leave_one_allele_out,HLA-A*03:01,baseline_plus_conditional_anchor_softmax,mse,0.07634224998764694,3.1720948219299316,20,59777
leave_one_allele_out,HLA-A*03:01,baseline_plus_conditional_all,mse,0.0748480421025306,3.0943427085876465,20,60417
leave_one_allele_out,HLA-A*11:01,baseline_plus_conditional_mean_logp,mse,0.08236237498931587,3.3454232215881348,20,57281
leave_one_allele_out,HLA-A*11:01,baseline_plus_conditional_logp_per_position,mse,0.08397170808166265,3.246018171310425,20,57793
leave_one_allele_out,HLA-A*11:01,baseline_plus_conditional_anchor_softmax,mse,0.0749115829821676,3.0279107093811035,20,59777
leave_one_allele_out,HLA-A*11:01,baseline_plus_conditional_all,mse,0.07869308395311236,2.943425178527832,20,60417
leave_one_allele_out,HLA-A*23:01,baseline_plus_conditional_mean_logp,mse,0.07382800010964274,3.388042449951172,20,57281
leave_one_allele_out,HLA-A*23:01,baseline_plus_conditional_logp_per_position,mse,0.07823116681538522,3.1323986053466797,20,57793
leave_one_allele_out,HLA-A*23:01,baseline_plus_conditional_anchor_softmax,mse,0.07837216602638364,3.1336867809295654,20,59777
leave_one_allele_out,HLA-A*23:01,baseline_plus_conditional_all,mse,0.07522712484933436,3.117922782897949,20,60417
leave_one_allele_out,HLA-A*24:02,baseline_plus_conditional_mean_logp,mse,0.07635220908559859,3.427490234375,20,57281
leave_one_allele_out,HLA-A*24:02,baseline_plus_conditional_logp_per_position,mse,0.07570595783181489,3.365819215774536,20,57793
leave_one_allele_out,HLA-A*24:02,baseline_plus_conditional_anchor_softmax,mse,0.07775408285669982,3.166825771331787,20,59777
leave_one_allele_out,HLA-A*24:02,baseline_plus_conditional_all,mse,0.09556741709820926,2.9504406452178955,20,60417
leave_one_allele_out,HLA-A*24:03,baseline_plus_conditional_mean_logp,mse,0.07654241705313325,3.3139805793762207,20,57281
leave_one_allele_out,HLA-A*24:03,baseline_plus_conditional_logp_per_position,mse,0.07894558412954211,3.3517298698425293,20,57793
leave_one_allele_out,HLA-A*24:03,baseline_plus_conditional_anchor_softmax,mse,0.08243187493644655,3.19089674949646,20,59777
leave_one_allele_out,HLA-A*24:03,baseline_plus_conditional_all,mse,0.08708545891568065,3.0355732440948486,20,60417
leave_one_allele_out,HLA-A*24:07,baseline_plus_conditional_mean_logp,mse,0.09638208290562034,3.265758752822876,20,57281
leave_one_allele_out,HLA-A*24:07,baseline_plus_conditional_logp_per_position,mse,0.07404750003479421,3.240333318710327,20,57793
leave_one_allele_out,HLA-A*24:07,baseline_plus_conditional_anchor_softmax,mse,0.07566870888695121,3.182443618774414,20,59777
leave_one_allele_out,HLA-A*24:07,baseline_plus_conditional_all,mse,0.06814379105344415,3.1084342002868652,20,60417
leave_one_allele_out,HLA-A*24:19,baseline_plus_conditional_mean_logp,mse,0.06917045917361975,3.294727325439453,20,57281
leave_one_allele_out,HLA-A*24:19,baseline_plus_conditional_logp_per_position,mse,0.06623979192227125,3.237027168273926,20,57793
leave_one_allele_out,HLA-A*24:19,baseline_plus_conditional_anchor_softmax,mse,0.11341045796871185,3.1432440280914307,20,59777
leave_one_allele_out,HLA-A*24:19,baseline_plus_conditional_all,mse,0.07487383298575878,2.960815191268921,20,60417
leave_one_allele_out,HLA-A*25:01,baseline_plus_conditional_mean_logp,mse,0.0673875838983804,3.261073589324951,20,57281
leave_one_allele_out,HLA-A*25:01,baseline_plus_conditional_logp_per_position,mse,0.07346187508665025,3.291348695755005,20,57793
leave_one_allele_out,HLA-A*25:01,baseline_plus_conditional_anchor_softmax,mse,0.07149470807053149,3.109239339828491,20,59777
leave_one_allele_out,HLA-A*25:01,baseline_plus_conditional_all,mse,0.07181712496094406,3.1974565982818604,20,60417
leave_one_allele_out,HLA-A*26:01,baseline_plus_conditional_mean_logp,mse,0.06509629194624722,3.3805553913116455,20,57281
leave_one_allele_out,HLA-A*26:01,baseline_plus_conditional_logp_per_position,mse,0.07303312490694225,3.3020896911621094,20,57793
leave_one_allele_out,HLA-A*26:01,baseline_plus_conditional_anchor_softmax,mse,0.075291832908988,3.0568511486053467,20,59777
leave_one_allele_out,HLA-A*26:01,baseline_plus_conditional_all,mse,0.07557350001297891,3.0366151332855225,20,60417
leave_one_allele_out,HLA-A*26:02,baseline_plus_conditional_mean_logp,mse,0.07026874995790422,3.3798272609710693,20,57281
leave_one_allele_out,HLA-A*26:02,baseline_plus_conditional_logp_per_position,mse,0.07319312496110797,3.2901675701141357,20,57793
leave_one_allele_out,HLA-A*26:02,baseline_plus_conditional_anchor_softmax,mse,0.07307958300225437,3.1371986865997314,20,59777
leave_one_allele_out,HLA-A*26:02,baseline_plus_conditional_all,mse,0.07526070903986692,2.998328447341919,20,60417
leave_one_allele_out,HLA-A*26:03,baseline_plus_conditional_mean_logp,mse,0.07793874992057681,3.399426221847534,20,57281
leave_one_allele_out,HLA-A*26:03,baseline_plus_conditional_logp_per_position,mse,0.0741738339420408,3.306041955947876,20,57793
leave_one_allele_out,HLA-A*26:03,baseline_plus_conditional_anchor_softmax,mse,0.07634020806290209,3.028944492340088,20,59777
leave_one_allele_out,HLA-A*26:03,baseline_plus_conditional_all,mse,0.0738280420191586,3.0574164390563965,20,60417
leave_one_allele_out,HLA-A*29:02,baseline_plus_conditional_mean_logp,mse,0.06964170793071389,3.29701566696167,20,57281
leave_one_allele_out,HLA-A*29:02,baseline_plus_conditional_logp_per_position,mse,0.07437295792624354,3.271145820617676,20,57793
leave_one_allele_out,HLA-A*29:02,baseline_plus_conditional_anchor_softmax,mse,0.07452720799483359,3.0885517597198486,20,59777
leave_one_allele_out,HLA-A*29:02,baseline_plus_conditional_all,mse,0.07267033285461366,3.094878673553467,20,60417
leave_one_allele_out,HLA-A*30:01,baseline_plus_conditional_mean_logp,mse,0.07429887517355382,3.419968366622925,20,57281
leave_one_allele_out,HLA-A*30:01,baseline_plus_conditional_logp_per_position,mse,0.07864029193297029,3.3056247234344482,20,57793
leave_one_allele_out,HLA-A*30:01,baseline_plus_conditional_anchor_softmax,mse,0.07404895802028477,3.125333786010742,20,59777
leave_one_allele_out,HLA-A*30:01,baseline_plus_conditional_all,mse,0.07236704113893211,3.094541311264038,20,60417
leave_one_allele_out,HLA-A*30:02,baseline_plus_conditional_mean_logp,mse,0.0820948330219835,3.3285038471221924,20,57281
leave_one_allele_out,HLA-A*30:02,baseline_plus_conditional_logp_per_position,mse,0.07735945913009346,3.358250379562378,20,57793
leave_one_allele_out,HLA-A*30:02,baseline_plus_conditional_anchor_softmax,mse,0.07606645789928734,3.0030083656311035,20,59777
leave_one_allele_out,HLA-A*30:02,baseline_plus_conditional_all,mse,0.07267670799046755,3.2071635723114014,20,60417
leave_one_allele_out,HLA-A*31:01,baseline_plus_conditional_mean_logp,mse,0.06982279103249311,3.2800254821777344,20,57281
leave_one_allele_out,HLA-A*31:01,baseline_plus_conditional_logp_per_position,mse,0.05970829213038087,3.345987558364868,20,57793
leave_one_allele_out,HLA-A*31:01,baseline_plus_conditional_anchor_softmax,mse,0.07217537495307624,3.2210628986358643,20,59777
leave_one_allele_out,HLA-A*31:01,baseline_plus_conditional_all,mse,0.07639274979010224,3.1231231689453125,20,60417
leave_one_allele_out,HLA-A*32:01,baseline_plus_conditional_mean_logp,mse,0.07423862488940358,3.334669351577759,20,57281
leave_one_allele_out,HLA-A*32:01,baseline_plus_conditional_logp_per_position,mse,0.0703522078692913,3.3978614807128906,20,57793
leave_one_allele_out,HLA-A*32:01,baseline_plus_conditional_anchor_softmax,mse,0.07097233412787318,3.1239397525787354,20,59777
leave_one_allele_out,HLA-A*32:01,baseline_plus_conditional_all,mse,0.08051462494768202,3.044757843017578,20,60417
leave_one_allele_out,HLA-A*32:07,baseline_plus_conditional_mean_logp,mse,0.06718312483280897,3.4850425720214844,20,57281
leave_one_allele_out,HLA-A*32:07,baseline_plus_conditional_logp_per_position,mse,0.07157154195010662,3.3159470558166504,20,57793
leave_one_allele_out,HLA-A*32:07,baseline_plus_conditional_anchor_softmax,mse,0.07943170797079802,3.1591696739196777,20,59777
leave_one_allele_out,HLA-A*32:07,baseline_plus_conditional_all,mse,0.06791962496936321,3.2015328407287598,20,60417
leave_one_allele_out,HLA-A*33:03,baseline_plus_conditional_mean_logp,mse,0.06366849993355572,3.2363622188568115,20,57281
leave_one_allele_out,HLA-A*33:03,baseline_plus_conditional_logp_per_position,mse,0.06944025005213916,3.105823278427124,20,57793
leave_one_allele_out,HLA-A*33:03,baseline_plus_conditional_anchor_softmax,mse,0.07547425013035536,3.013072967529297,20,59777
leave_one_allele_out,HLA-A*33:03,baseline_plus_conditional_all,mse,0.0737668750807643,3.011019706726074,20,60417
leave_one_allele_out,HLA-A*43:01,baseline_plus_conditional_mean_logp,mse,0.07234087493270636,3.2622392177581787,20,57281
leave_one_allele_out,HLA-A*43:01,baseline_plus_conditional_logp_per_position,mse,0.07104695797897875,3.3452913761138916,20,57793
leave_one_allele_out,HLA-A*43:01,baseline_plus_conditional_anchor_softmax,mse,0.06393516692332923,3.1800975799560547,20,59777
leave_one_allele_out,HLA-A*43:01,baseline_plus_conditional_all,mse,0.06725079193711281,3.1124982833862305,20,60417
leave_one_allele_out,HLA-A*66:01,baseline_plus_conditional_mean_logp,mse,0.060641958145424724,3.620102882385254,20,57281
leave_one_allele_out,HLA-A*66:01,baseline_plus_conditional_logp_per_position,mse,0.05472683301195502,3.3321213722229004,20,57793
leave_one_allele_out,HLA-A*66:01,baseline_plus_conditional_anchor_softmax,mse,0.08368237502872944,3.095792293548584,20,59777
leave_one_allele_out,HLA-A*66:01,baseline_plus_conditional_all,mse,0.07787787518464029,3.119999408721924,20,60417
leave_one_allele_out,HLA-A*68:01,baseline_plus_conditional_mean_logp,mse,0.0659895830322057,3.3389859199523926,20,57281
leave_one_allele_out,HLA-A*68:01,baseline_plus_conditional_logp_per_position,mse,0.06715629203245044,3.3337535858154297,20,57793
leave_one_allele_out,HLA-A*68:01,baseline_plus_conditional_anchor_softmax,mse,0.06494754203595221,3.068491220474243,20,59777
leave_one_allele_out,HLA-A*68:01,baseline_plus_conditional_all,mse,0.0707820828538388,2.9866960048675537,20,60417
leave_one_allele_out,HLA-A*68:02,baseline_plus_conditional_mean_logp,mse,0.06477212510071695,3.3239734172821045,20,57281
leave_one_allele_out,HLA-A*68:02,baseline_plus_conditional_logp_per_position,mse,0.06858912506140769,3.455303907394409,20,57793
leave_one_allele_out,HLA-A*68:02,baseline_plus_conditional_anchor_softmax,mse,0.06832029111683369,3.0720150470733643,20,59777
leave_one_allele_out,HLA-A*68:02,baseline_plus_conditional_all,mse,0.05867866612970829,3.122628688812256,20,60417
leave_one_allele_out,HLA-A*68:23,baseline_plus_conditional_mean_logp,mse,0.06706470809876919,3.3630824089050293,20,57281
leave_one_allele_out,HLA-A*68:23,baseline_plus_conditional_logp_per_position,mse,0.06644658301956952,3.285335063934326,20,57793
leave_one_allele_out,HLA-A*68:23,baseline_plus_conditional_anchor_softmax,mse,0.07934120809659362,3.192045211791992,20,59777
leave_one_allele_out,HLA-A*68:23,baseline_plus_conditional_all,mse,0.06834766594693065,3.024834632873535,20,60417
leave_one_allele_out,HLA-A*69:01,baseline_plus_conditional_mean_logp,mse,0.07205958291888237,3.352210521697998,20,57281
leave_one_allele_out,HLA-A*69:01,baseline_plus_conditional_logp_per_position,mse,0.06192641705274582,3.253028392791748,20,57793
leave_one_allele_out,HLA-A*69:01,baseline_plus_conditional_anchor_softmax,mse,0.07482033316046,3.1698389053344727,20,59777
leave_one_allele_out,HLA-A*69:01,baseline_plus_conditional_all,mse,0.0663017078768462,3.0183889865875244,20,60417
leave_one_allele_out,HLA-A*74:01,baseline_plus_conditional_mean_logp,mse,0.05906450003385544,3.321605682373047,20,57281
leave_one_allele_out,HLA-A*74:01,baseline_plus_conditional_logp_per_position,mse,0.06579191703349352,3.46368408203125,20,57793
leave_one_allele_out,HLA-A*74:01,baseline_plus_conditional_anchor_softmax,mse,0.140774582978338,3.213033437728882,20,59777
leave_one_allele_out,HLA-A*74:01,baseline_plus_conditional_all,mse,0.08584183291532099,3.1941938400268555,20,60417
leave_one_allele_out,HLA-A*80:01,baseline_plus_conditional_mean_logp,mse,0.07174416584894061,3.2946219444274902,20,57281
leave_one_allele_out,HLA-A*80:01,baseline_plus_conditional_logp_per_position,mse,0.07124454202130437,3.3471131324768066,20,57793
leave_one_allele_out,HLA-A*80:01,baseline_plus_conditional_anchor_softmax,mse,0.07888854201883078,3.1330206394195557,20,59777
leave_one_allele_out,HLA-A*80:01,baseline_plus_conditional_all,mse,0.08137212484143674,3.0352492332458496,20,60417
leave_one_allele_out,HLA-B*07:02,baseline_plus_conditional_mean_logp,mse,0.07705250009894371,3.3785343170166016,20,57281
leave_one_allele_out,HLA-B*07:02,baseline_plus_conditional_logp_per_position,mse,0.07713450002484024,3.208649158477783,20,57793
leave_one_allele_out,HLA-B*07:02,baseline_plus_conditional_anchor_softmax,mse,0.07933395798318088,3.0975069999694824,20,59777
leave_one_allele_out,HLA-B*07:02,baseline_plus_conditional_all,mse,0.0756747501436621,3.16347336769104,20,60417
leave_one_allele_out,HLA-B*08:01,baseline_plus_conditional_mean_logp,mse,0.07307029189541936,3.461510181427002,20,57281
leave_one_allele_out,HLA-B*08:01,baseline_plus_conditional_logp_per_position,mse,0.0773655828088522,3.3154678344726562,20,57793
leave_one_allele_out,HLA-B*08:01,baseline_plus_conditional_anchor_softmax,mse,0.07357949996367097,3.115370273590088,20,59777
leave_one_allele_out,HLA-B*08:01,baseline_plus_conditional_all,mse,0.07985274982638657,3.0979981422424316,20,60417
leave_one_allele_out,HLA-B*08:03,baseline_plus_conditional_mean_logp,mse,0.0746838750783354,3.3796298503875732,20,57281
leave_one_allele_out,HLA-B*08:03,baseline_plus_conditional_logp_per_position,mse,0.07599429110996425,3.3744587898254395,20,57793
leave_one_allele_out,HLA-B*08:03,baseline_plus_conditional_anchor_softmax,mse,0.07364891702309251,3.171074151992798,20,59777
leave_one_allele_out,HLA-B*08:03,baseline_plus_conditional_all,mse,0.08083987515419722,3.046529769897461,20,60417
leave_one_allele_out,HLA-B*13:02,baseline_plus_conditional_mean_logp,mse,0.07873050007037818,3.376084804534912,20,57281
leave_one_allele_out,HLA-B*13:02,baseline_plus_conditional_logp_per_position,mse,0.07820758316665888,3.325300455093384,20,57793
leave_one_allele_out,HLA-B*13:02,baseline_plus_conditional_anchor_softmax,mse,0.07814241712912917,3.1941590309143066,20,59777
leave_one_allele_out,HLA-B*13:02,baseline_plus_conditional_all,mse,0.08724070806056261,2.945620536804199,20,60417
leave_one_allele_out,HLA-B*14:01(C67S),baseline_plus_conditional_mean_logp,mse,0.08044675015844405,3.2336549758911133,20,57281
leave_one_allele_out,HLA-B*14:01(C67S),baseline_plus_conditional_logp_per_position,mse,0.07547820801846683,3.2455544471740723,20,57793
leave_one_allele_out,HLA-B*14:01(C67S),baseline_plus_conditional_anchor_softmax,mse,0.07552833412773907,3.0495424270629883,20,59777
leave_one_allele_out,HLA-B*14:01(C67S),baseline_plus_conditional_all,mse,0.07528487499803305,3.0378258228302,20,60417
leave_one_allele_out,HLA-B*14:02(C67S),baseline_plus_conditional_mean_logp,mse,0.10289370804093778,3.236586332321167,20,57281
leave_one_allele_out,HLA-B*14:02(C67S),baseline_plus_conditional_logp_per_position,mse,0.08747191680595279,3.302994728088379,20,57793
leave_one_allele_out,HLA-B*14:02(C67S),baseline_plus_conditional_anchor_softmax,mse,0.08649245789274573,3.134629726409912,20,59777
leave_one_allele_out,HLA-B*14:02(C67S),baseline_plus_conditional_all,mse,0.08282529190182686,2.92916202545166,20,60417
leave_one_allele_out,HLA-B*15:01,baseline_plus_conditional_mean_logp,mse,0.0733582500834018,3.3223206996917725,20,57281
leave_one_allele_out,HLA-B*15:01,baseline_plus_conditional_logp_per_position,mse,0.07386304205283523,3.3667898178100586,20,57793
leave_one_allele_out,HLA-B*15:01,baseline_plus_conditional_anchor_softmax,mse,0.07997474982403219,3.1359503269195557,20,59777
leave_one_allele_out,HLA-B*15:01,baseline_plus_conditional_all,mse,0.07918387511745095,3.0444722175598145,20,60417
leave_one_allele_out,HLA-B*15:02,baseline_plus_conditional_mean_logp,mse,0.07078162510879338,3.3363873958587646,20,57281
leave_one_allele_out,HLA-B*15:02,baseline_plus_conditional_logp_per_position,mse,0.08306779200211167,3.179598569869995,20,57793
leave_one_allele_out,HLA-B*15:02,baseline_plus_conditional_anchor_softmax,mse,0.07717387494631112,3.096465826034546,20,59777
leave_one_allele_out,HLA-B*15:02,baseline_plus_conditional_all,mse,0.07826087507419288,3.0130786895751953,20,60417
leave_one_allele_out,HLA-B*15:10,baseline_plus_conditional_mean_logp,mse,0.07165175001136959,3.274186611175537,20,57281
leave_one_allele_out,HLA-B*15:10,baseline_plus_conditional_logp_per_position,mse,0.07547529204748571,3.2995424270629883,20,57793
leave_one_allele_out,HLA-B*15:10,baseline_plus_conditional_anchor_softmax,mse,0.07990762498229742,3.25274395942688,20,59777
leave_one_allele_out,HLA-B*15:10,baseline_plus_conditional_all,mse,0.07424966618418694,2.988201856613159,20,60417
leave_one_allele_out,HLA-B*15:17,baseline_plus_conditional_mean_logp,mse,0.07174395909532905,3.34600567817688,20,57281
leave_one_allele_out,HLA-B*15:17,baseline_plus_conditional_logp_per_position,mse,0.10881904209963977,3.3078927993774414,20,57793
leave_one_allele_out,HLA-B*15:17,baseline_plus_conditional_anchor_softmax,mse,0.0880386249627918,3.1232750415802,20,59777
leave_one_allele_out,HLA-B*15:17,baseline_plus_conditional_all,mse,0.0749320830218494,3.200181007385254,20,60417
leave_one_allele_out,HLA-B*18:01,baseline_plus_conditional_mean_logp,mse,0.06687199999578297,3.3771822452545166,20,57281
leave_one_allele_out,HLA-B*18:01,baseline_plus_conditional_logp_per_position,mse,0.0883907089009881,3.288677930831909,20,57793
leave_one_allele_out,HLA-B*18:01,baseline_plus_conditional_anchor_softmax,mse,0.07742079114541411,3.2301626205444336,20,59777
leave_one_allele_out,HLA-B*18:01,baseline_plus_conditional_all,mse,0.07557487487792969,3.168943405151367,20,60417
leave_one_allele_out,HLA-B*27:02,baseline_plus_conditional_mean_logp,mse,0.07321204198524356,3.4047529697418213,20,57281
leave_one_allele_out,HLA-B*27:02,baseline_plus_conditional_logp_per_position,mse,0.07663400005549192,3.4153051376342773,20,57793
leave_one_allele_out,HLA-B*27:02,baseline_plus_conditional_anchor_softmax,mse,0.0736526248510927,3.125131130218506,20,59777
leave_one_allele_out,HLA-B*27:02,baseline_plus_conditional_all,mse,0.07516620797105134,3.070058584213257,20,60417
leave_one_allele_out,HLA-B*27:03,baseline_plus_conditional_mean_logp,mse,0.0722437088843435,3.4778592586517334,20,57281
leave_one_allele_out,HLA-B*27:03,baseline_plus_conditional_logp_per_position,mse,0.08969337493181229,3.2096118927001953,20,57793
leave_one_allele_out,HLA-B*27:03,baseline_plus_conditional_anchor_softmax,mse,0.0728966670576483,3.1995296478271484,20,59777
leave_one_allele_out,HLA-B*27:03,baseline_plus_conditional_all,mse,0.07790150004439056,3.0589113235473633,20,60417
leave_one_allele_out,HLA-B*27:05,baseline_plus_conditional_mean_logp,mse,0.07364516681991518,3.3484137058258057,20,57281
leave_one_allele_out,HLA-B*27:05,baseline_plus_conditional_logp_per_position,mse,0.07548379199579358,3.1949596405029297,20,57793
leave_one_allele_out,HLA-B*27:05,baseline_plus_conditional_anchor_softmax,mse,0.08183487504720688,3.1534016132354736,20,59777
leave_one_allele_out,HLA-B*27:05,baseline_plus_conditional_all,mse,0.0688227079808712,3.1842458248138428,20,60417
leave_one_allele_out,HLA-B*27:20,baseline_plus_conditional_mean_logp,mse,0.07369195809587836,3.2960407733917236,20,57281
leave_one_allele_out,HLA-B*27:20,baseline_plus_conditional_logp_per_position,mse,0.08472154079936445,3.330233573913574,20,57793
leave_one_allele_out,HLA-B*27:20,baseline_plus_conditional_anchor_softmax,mse,0.08006345806643367,3.1627278327941895,20,59777
leave_one_allele_out,HLA-B*27:20,baseline_plus_conditional_all,mse,0.07068791682831943,3.118121385574341,20,60417
leave_one_allele_out,HLA-B*35:01,baseline_plus_conditional_mean_logp,mse,0.0690170000307262,3.178356170654297,20,57281
leave_one_allele_out,HLA-B*35:01,baseline_plus_conditional_logp_per_position,mse,0.07588354195468128,3.2393181324005127,20,57793
leave_one_allele_out,HLA-B*35:01,baseline_plus_conditional_anchor_softmax,mse,0.07249737507663667,3.138291358947754,20,59777
leave_one_allele_out,HLA-B*35:01,baseline_plus_conditional_all,mse,0.08508829190395772,3.1638379096984863,20,60417
leave_one_allele_out,HLA-B*35:03,baseline_plus_conditional_mean_logp,mse,0.07206583302468061,3.419825792312622,20,57281
leave_one_allele_out,HLA-B*35:03,baseline_plus_conditional_logp_per_position,mse,0.08420279202982783,3.4102628231048584,20,57793
leave_one_allele_out,HLA-B*35:03,baseline_plus_conditional_anchor_softmax,mse,0.09644158300943673,3.1381995677948,20,59777
leave_one_allele_out,HLA-B*35:03,baseline_plus_conditional_all,mse,0.09906095801852643,3.0929439067840576,20,60417
leave_one_allele_out,HLA-B*35:08,baseline_plus_conditional_mean_logp,mse,0.07213666685856879,3.381115674972534,20,57281
leave_one_allele_out,HLA-B*35:08,baseline_plus_conditional_logp_per_position,mse,0.06935924990102649,3.4388036727905273,20,57793
leave_one_allele_out,HLA-B*35:08,baseline_plus_conditional_anchor_softmax,mse,0.07336354092694819,3.074364185333252,20,59777
leave_one_allele_out,HLA-B*35:08,baseline_plus_conditional_all,mse,0.07555033406242728,2.995842456817627,20,60417
leave_one_allele_out,HLA-B*39:01,baseline_plus_conditional_mean_logp,mse,0.07740491698496044,3.3657429218292236,20,57281
leave_one_allele_out,HLA-B*39:01,baseline_plus_conditional_logp_per_position,mse,0.07582241599448025,3.31033992767334,20,57793
leave_one_allele_out,HLA-B*39:01,baseline_plus_conditional_anchor_softmax,mse,0.07378670806065202,3.328296661376953,20,59777
leave_one_allele_out,HLA-B*39:01,baseline_plus_conditional_all,mse,0.06745150010101497,3.108926296234131,20,60417
leave_one_allele_out,HLA-B*39:02,baseline_plus_conditional_mean_logp,mse,0.06430674996227026,3.311690092086792,20,57281
leave_one_allele_out,HLA-B*39:02,baseline_plus_conditional_logp_per_position,mse,0.05655862484127283,3.264040946960449,20,57793
leave_one_allele_out,HLA-B*39:02,baseline_plus_conditional_anchor_softmax,mse,0.075570915825665,3.191413640975952,20,59777
leave_one_allele_out,HLA-B*39:02,baseline_plus_conditional_all,mse,0.07718758308328688,3.074878692626953,20,60417
leave_one_allele_out,HLA-B*39:06(C67S),baseline_plus_conditional_mean_logp,mse,0.07579708308912814,3.2977099418640137,20,57281
leave_one_allele_out,HLA-B*39:06(C67S),baseline_plus_conditional_logp_per_position,mse,0.07456287508830428,3.3563876152038574,20,57793
leave_one_allele_out,HLA-B*39:06(C67S),baseline_plus_conditional_anchor_softmax,mse,0.07159804087132215,3.298781156539917,20,59777
leave_one_allele_out,HLA-B*39:06(C67S),baseline_plus_conditional_all,mse,0.07434741617180407,3.2185399532318115,20,60417
leave_one_allele_out,HLA-B*39:10,baseline_plus_conditional_mean_logp,mse,0.07239699992351234,3.2831077575683594,20,57281
leave_one_allele_out,HLA-B*39:10,baseline_plus_conditional_logp_per_position,mse,0.07184154191054404,3.1456499099731445,20,57793
leave_one_allele_out,HLA-B*39:10,baseline_plus_conditional_anchor_softmax,mse,0.07500458392314613,3.1633431911468506,20,59777
leave_one_allele_out,HLA-B*39:10,baseline_plus_conditional_all,mse,0.07189708412624896,3.1402664184570312,20,60417
leave_one_allele_out,HLA-B*40:01,baseline_plus_conditional_mean_logp,mse,0.07330675004050136,3.4945614337921143,20,57281
leave_one_allele_out,HLA-B*40:01,baseline_plus_conditional_logp_per_position,mse,0.0655252079013735,3.454254388809204,20,57793
leave_one_allele_out,HLA-B*40:01,baseline_plus_conditional_anchor_softmax,mse,0.07680925005115569,3.2857916355133057,20,59777
leave_one_allele_out,HLA-B*40:01,baseline_plus_conditional_all,mse,0.11128495796583593,3.006512403488159,20,60417
leave_one_allele_out,HLA-B*40:02,baseline_plus_conditional_mean_logp,mse,0.06850804085843265,3.3669610023498535,20,57281
leave_one_allele_out,HLA-B*40:02,baseline_plus_conditional_logp_per_position,mse,0.072018250124529,3.341123104095459,20,57793
leave_one_allele_out,HLA-B*40:02,baseline_plus_conditional_anchor_softmax,mse,0.0764195411466062,3.2853872776031494,20,59777
leave_one_allele_out,HLA-B*40:02,baseline_plus_conditional_all,mse,0.07676641596481204,3.2140636444091797,20,60417
leave_one_allele_out,HLA-B*41:01,baseline_plus_conditional_mean_logp,mse,0.14350749994628131,3.3446555137634277,20,57281
leave_one_allele_out,HLA-B*41:01,baseline_plus_conditional_logp_per_position,mse,0.0670315409079194,3.1774792671203613,20,57793
leave_one_allele_out,HLA-B*41:01,baseline_plus_conditional_anchor_softmax,mse,0.06547124986536801,3.158914804458618,20,59777
leave_one_allele_out,HLA-B*41:01,baseline_plus_conditional_all,mse,0.07160337502136827,3.22476863861084,20,60417
leave_one_allele_out,HLA-B*42:01,baseline_plus_conditional_mean_logp,mse,0.07062545791268349,3.2982187271118164,20,57281
leave_one_allele_out,HLA-B*42:01,baseline_plus_conditional_logp_per_position,mse,0.07722612516954541,3.2257022857666016,20,57793
leave_one_allele_out,HLA-B*42:01,baseline_plus_conditional_anchor_softmax,mse,0.07194458297453821,3.078026533126831,20,59777
leave_one_allele_out,HLA-B*42:01,baseline_plus_conditional_all,mse,0.0729126671794802,3.0265841484069824,20,60417
leave_one_allele_out,HLA-B*42:02,baseline_plus_conditional_mean_logp,mse,0.07266449998132885,3.2698850631713867,20,57281
leave_one_allele_out,HLA-B*42:02,baseline_plus_conditional_logp_per_position,mse,0.07356320903636515,3.2613580226898193,20,57793
leave_one_allele_out,HLA-B*42:02,baseline_plus_conditional_anchor_softmax,mse,0.07363270781934261,3.073589324951172,20,59777
leave_one_allele_out,HLA-B*42:02,baseline_plus_conditional_all,mse,0.07076066709123552,3.0228488445281982,20,60417
leave_one_allele_out,HLA-B*44:05,baseline_plus_conditional_mean_logp,mse,0.08458145800977945,3.3409464359283447,20,57281
leave_one_allele_out,HLA-B*44:05,baseline_plus_conditional_logp_per_position,mse,0.07382195792160928,3.3067309856414795,20,57793
leave_one_allele_out,HLA-B*44:05,baseline_plus_conditional_anchor_softmax,mse,0.07231424981728196,3.2061030864715576,20,59777
leave_one_allele_out,HLA-B*44:05,baseline_plus_conditional_all,mse,0.07015358400531113,2.994878053665161,20,60417
leave_one_allele_out,HLA-B*45:01,baseline_plus_conditional_mean_logp,mse,0.0682019591331482,3.2806849479675293,20,57281
leave_one_allele_out,HLA-B*45:01,baseline_plus_conditional_logp_per_position,mse,0.08558579115197062,3.2399260997772217,20,57793
leave_one_allele_out,HLA-B*45:01,baseline_plus_conditional_anchor_softmax,mse,0.07597404206171632,3.067856788635254,20,59777
leave_one_allele_out,HLA-B*45:01,baseline_plus_conditional_all,mse,0.0679438749793917,3.0526933670043945,20,60417
leave_one_allele_out,HLA-B*46:01,baseline_plus_conditional_mean_logp,mse,0.06807466689497232,3.3539376258850098,20,57281
leave_one_allele_out,HLA-B*46:01,baseline_plus_conditional_logp_per_position,mse,0.06825637491419911,3.302015542984009,20,57793
leave_one_allele_out,HLA-B*46:01,baseline_plus_conditional_anchor_softmax,mse,0.07074820809066296,3.1965725421905518,20,59777
leave_one_allele_out,HLA-B*46:01,baseline_plus_conditional_all,mse,0.06741616618819535,3.1901769638061523,20,60417
leave_one_allele_out,HLA-B*51:01,baseline_plus_conditional_mean_logp,mse,0.06926145916804671,3.2516729831695557,20,57281
leave_one_allele_out,HLA-B*51:01,baseline_plus_conditional_logp_per_position,mse,0.06775550008751452,3.2449045181274414,20,57793
leave_one_allele_out,HLA-B*51:01,baseline_plus_conditional_anchor_softmax,mse,0.08161316602490842,2.9915883541107178,20,59777
leave_one_allele_out,HLA-B*51:01,baseline_plus_conditional_all,mse,0.06161129102110863,2.9142322540283203,20,60417
leave_one_allele_out,HLA-B*54:01,baseline_plus_conditional_mean_logp,mse,0.0662926658987999,3.3076720237731934,20,57281
leave_one_allele_out,HLA-B*54:01,baseline_plus_conditional_logp_per_position,mse,0.06848091701976955,3.326070547103882,20,57793
leave_one_allele_out,HLA-B*54:01,baseline_plus_conditional_anchor_softmax,mse,0.0673587080091238,3.1612486839294434,20,59777
leave_one_allele_out,HLA-B*54:01,baseline_plus_conditional_all,mse,0.07408775016665459,3.1392343044281006,20,60417
leave_one_allele_out,HLA-B*55:01,baseline_plus_conditional_mean_logp,mse,0.07628687494434416,3.405113935470581,20,57281
leave_one_allele_out,HLA-B*55:01,baseline_plus_conditional_logp_per_position,mse,0.08740304107777774,3.301334857940674,20,57793
leave_one_allele_out,HLA-B*55:01,baseline_plus_conditional_anchor_softmax,mse,0.09891725005581975,3.058135986328125,20,59777
leave_one_allele_out,HLA-B*55:01,baseline_plus_conditional_all,mse,0.09758062497712672,3.0380399227142334,20,60417
leave_one_allele_out,HLA-B*56:01,baseline_plus_conditional_mean_logp,mse,0.10940499999560416,3.4395837783813477,20,57281
leave_one_allele_out,HLA-B*56:01,baseline_plus_conditional_logp_per_position,mse,0.08329074992798269,3.279651641845703,20,57793
leave_one_allele_out,HLA-B*56:01,baseline_plus_conditional_anchor_softmax,mse,0.07890999992378056,3.027794599533081,20,59777
leave_one_allele_out,HLA-B*56:01,baseline_plus_conditional_all,mse,0.08290575002320111,3.015970230102539,20,60417
leave_one_allele_out,HLA-B*57:01,baseline_plus_conditional_mean_logp,mse,0.07422204199247062,3.303170680999756,20,57281
leave_one_allele_out,HLA-B*57:01,baseline_plus_conditional_logp_per_position,mse,0.07601637486368418,3.272528648376465,20,57793
leave_one_allele_out,HLA-B*57:01,baseline_plus_conditional_anchor_softmax,mse,0.0745236249640584,3.1716716289520264,20,59777
leave_one_allele_out,HLA-B*57:01,baseline_plus_conditional_all,mse,0.07841449999250472,3.018463611602783,20,60417
leave_one_allele_out,HLA-B*57:02,baseline_plus_conditional_mean_logp,mse,0.07109758304432034,3.3126251697540283,20,57281
leave_one_allele_out,HLA-B*57:02,baseline_plus_conditional_logp_per_position,mse,0.07755366689525545,3.2795939445495605,20,57793
leave_one_allele_out,HLA-B*57:02,baseline_plus_conditional_anchor_softmax,mse,0.07882054219953716,3.1187286376953125,20,59777
leave_one_allele_out,HLA-B*57:02,baseline_plus_conditional_all,mse,0.0756542501039803,3.2012417316436768,20,60417
leave_one_allele_out,HLA-B*57:03,baseline_plus_conditional_mean_logp,mse,0.07146949996240437,3.4082345962524414,20,57281
leave_one_allele_out,HLA-B*57:03,baseline_plus_conditional_logp_per_position,mse,0.07682141591794789,3.267946720123291,20,57793
leave_one_allele_out,HLA-B*57:03,baseline_plus_conditional_anchor_softmax,mse,0.08166233310475945,3.027211904525757,20,59777
leave_one_allele_out,HLA-B*57:03,baseline_plus_conditional_all,mse,0.08851408306509256,3.188781261444092,20,60417
leave_one_allele_out,HLA-B*58:01,baseline_plus_conditional_mean_logp,mse,0.08143420796841383,3.394505739212036,20,57281
leave_one_allele_out,HLA-B*58:01,baseline_plus_conditional_logp_per_position,mse,0.07609720807522535,3.3541078567504883,20,57793
leave_one_allele_out,HLA-B*58:01,baseline_plus_conditional_anchor_softmax,mse,0.07899616681970656,3.1773855686187744,20,59777
leave_one_allele_out,HLA-B*58:01,baseline_plus_conditional_all,mse,0.07332720910198987,3.0385189056396484,20,60417
leave_one_allele_out,HLA-B*81:01,baseline_plus_conditional_mean_logp,mse,0.07938662497326732,3.3436660766601562,20,57281
leave_one_allele_out,HLA-B*81:01,baseline_plus_conditional_logp_per_position,mse,0.07932470901869237,3.2712395191192627,20,57793
leave_one_allele_out,HLA-B*81:01,baseline_plus_conditional_anchor_softmax,mse,0.07226020796224475,3.111921787261963,20,59777
leave_one_allele_out,HLA-B*81:01,baseline_plus_conditional_all,mse,0.07845837506465614,3.0558009147644043,20,60417
