allele,TD,log10_TD,TD_available
HLA-A*01:01,32.11,1.5066,True
HLA-A*02:01,2.02,0.3054,True
HLA-A*02:03,,,False
HLA-A*02:05,1.49,0.1732,True
HLA-A*02:10,,,False
HLA-A*02:11,,,False
HLA-A*02:12,,,False
HLA-A*02:16,,,False
HLA-A*02:19,,,False
HLA-A*02:50,,,False
HLA-A*03:01,3.14,0.4969,True
HLA-A*11:01,4.0,0.6021,True
HLA-A*23:01,2.36,0.3729,True
HLA-A*24:02,3.61,0.5575,True
HLA-A*24:03,,,False
HLA-A*24:07,,,False
HLA-A*24:19,,,False
HLA-A*25:01,3.91,0.5922,True
HLA-A*26:01,8.33,0.9206,True
HLA-A*26:02,,,False
HLA-A*26:03,,,False
HLA-A*29:02,4.38,0.6415,True
HLA-A*30:01,6.52,0.8142,True
HLA-A*30:02,4.54,0.6571,True
HLA-A*31:01,3.67,0.5647,True
HLA-A*32:01,2.92,0.4654,True
HLA-A*32:07,,,False
HLA-A*33:03,4.2,0.6232,True
HLA-A*43:01,,,False
HLA-A*66:01,3.77,0.5763,True
HLA-A*68:01,1.17,0.0682,True
HLA-A*68:02,1.19,0.0755,True
HLA-A*68:23,,,False
HLA-A*69:01,,,False
HLA-A*74:01,2.31,0.3636,True
HLA-A*80:01,9.7,0.9868,True
HLA-B*07:02,2.37,0.3747,True
HLA-B*08:01,23.78,1.3762,True
HLA-B*08:03,,,False
HLA-B*13:02,12.35,1.0917,True
HLA-B*14:01(C67S),9.48,0.9768,True
HLA-B*14:02(C67S),7.68,0.8854,True
HLA-B*15:01,6.1,0.7853,True
HLA-B*15:02,,,False
HLA-B*15:10,3.72,0.5705,True
HLA-B*15:17,,,False
HLA-B*18:01,2.4,0.3802,True
HLA-B*27:02,,,False
HLA-B*27:03,,,False
HLA-B*27:05,3.38,0.5289,True
HLA-B*27:20,,,False
HLA-B*35:01,1.26,0.1004,True
HLA-B*35:03,2.1,0.3222,True
HLA-B*35:08,,,False
HLA-B*39:01,4.1,0.6128,True
HLA-B*39:02,,,False
HLA-B*39:06(C67S),11.95,1.0774,True
HLA-B*39:10,2.32,0.3655,True
HLA-B*40:01,1.9,0.2788,True
HLA-B*40:02,1.71,0.233,True
HLA-B*41:01,,,False
HLA-B*42:01,1.72,0.2355,True
HLA-B*42:02,2.31,0.3636,True
HLA-B*44:05,1.82,0.2601,True
HLA-B*45:01,16.31,1.2125,True
HLA-B*46:01,60.66,1.7829,True
HLA-B*51:01,4.92,0.692,True
HLA-B*54:01,,,False
HLA-B*55:01,6.46,0.8102,True
HLA-B*56:01,4.6,0.6628,True
HLA-B*57:01,28.43,1.4538,True
HLA-B*57:02,2.74,0.4378,True
HLA-B*57:03,2.46,0.3909,True
HLA-B*58:01,4.3,0.6335,True
HLA-B*81:01,1.45,0.1614,True
