allele,n,n_zero,zero_fraction,n_positive,n_stable_gt_2h,stable_fraction,mean_hours,median_hours,mean_log_target,small_sample_n_lt_50,few_stable_n_lt_20
HLA-B*15:01,1070,58,0.05420560747663551,1012,855,0.7990654205607477,5.932056074766355,5.8,1.3527060156376967,False,False
HLA-A*02:01,1023,16,0.015640273704789834,1007,615,0.6011730205278593,8.4186119257087,3.9,1.1559121812577984,False,False
HLA-A*03:01,861,178,0.2067363530778165,683,332,0.38559814169570267,8.609465737514517,0.9,0.122180370748474,False,False
HLA-B*39:01,680,133,0.19558823529411765,547,102,0.15,1.6408088235294118,0.3,-0.8443982749604194,False,False
HLA-B*35:01,650,85,0.13076923076923078,565,254,0.39076923076923076,2.329230769230769,1.25,0.06934546843203145,False,False
HLA-B*07:02,647,49,0.07573415765069552,598,401,0.6197836166924265,3.8224265842349303,3.2,0.7586591041428717,False,False
HLA-A*11:01,577,29,0.05025996533795494,548,342,0.5927209705372617,17.78119584055459,5.5,1.3695070687543014,False,False
HLA-A*24:02,573,10,0.017452006980802792,563,249,0.43455497382198954,6.500139616055846,1.4,0.651594568979866,False,False
HLA-A*24:03,512,0,0.0,512,288,0.5625,8.6671875,3.25,1.1325677364773208,False,False
HLA-B*08:01,465,134,0.28817204301075267,331,6,0.012903225806451613,0.44881720430107525,0.4,-1.2581604295483595,False,True
HLA-A*68:01,387,100,0.25839793281653745,287,154,0.3979328165374677,8.89625322997416,1.1,0.09406652332312886,False,False
HLA-A*30:01,386,118,0.30569948186528495,268,107,0.2772020725388601,5.599740932642487,0.45,-0.49188622783345687,False,False
HLA-A*29:02,383,16,0.04177545691906005,367,166,0.43342036553524804,4.671409921671018,1.5,0.50533127608625,False,False
HLA-A*31:01,382,34,0.08900523560209424,348,206,0.5392670157068062,15.084424083769633,2.8,0.9998953809122938,False,False
HLA-A*66:01,382,148,0.387434554973822,234,30,0.07853403141361257,0.8333769633507854,0.2,-1.5414484314809134,False,False
HLA-B*14:02(C67S),382,286,0.7486910994764397,96,34,0.08900523560209424,1.2904450261780105,0.0,-2.1540515107970766,False,False
HLA-A*02:03,379,14,0.036939313984168866,365,260,0.6860158311345647,13.639841688654354,7.1,1.6379434428279651,False,False
HLA-A*02:11,379,4,0.010554089709762533,375,315,0.8311345646437994,11.561741424802111,9.5,1.9534062276368278,False,False
HLA-B*39:06(C67S),379,349,0.920844327176781,30,6,0.0158311345646438,0.14775725593667546,0.0,-2.7612613783281486,False,True
HLA-B*58:01,379,59,0.15567282321899736,320,200,0.5277044854881267,5.679947229551451,2.4,0.5910527111466313,False,False
HLA-A*24:19,378,98,0.25925925925925924,280,28,0.07407407407407407,0.6878306878306878,0.2,-1.33273904108852,False,False
HLA-B*55:01,378,210,0.5555555555555556,168,61,0.16137566137566137,1.269973544973545,0.0,-1.4874425404110163,False,False
HLA-B*35:03,376,19,0.05053191489361702,357,196,0.5212765957446809,2.7283244680851064,2.2,0.49966763603625497,False,False
HLA-B*39:10,376,35,0.09308510638297872,341,244,0.648936170212766,10.306914893617021,5.6,1.2094465892870359,False,False
HLA-B*42:02,376,36,0.09574468085106383,340,163,0.43351063829787234,3.7893617021276595,1.4,0.3274002685694445,False,False
HLA-A*02:50,375,2,0.005333333333333333,373,299,0.7973333333333333,9.820533333333334,8.7,1.8190810193427627,False,False
HLA-B*39:02,375,69,0.184,306,104,0.2773333333333333,2.7904,0.5,-0.4025376332238398,False,False
HLA-B*14:01(C67S),374,333,0.8903743315508021,41,10,0.026737967914438502,0.5633689839572192,0.0,-2.6816684206769024,False,True
HLA-A*02:16,373,5,0.013404825737265416,368,294,0.7882037533512064,12.501876675603217,8.5,1.8957303548889346,False,False
HLA-A*02:12,372,9,0.024193548387096774,363,289,0.7768817204301075,13.194354838709678,9.7,1.876927039068346,False,False
HLA-A*23:01,372,0,0.0,372,255,0.6854838709677419,12.692876344086022,8.05,1.728248703229622,False,False
HLA-A*33:03,371,136,0.3665768194070081,235,147,0.39622641509433965,10.05121293800539,0.9,-0.1751723514560518,False,False
HLA-A*02:10,370,18,0.04864864864864865,352,168,0.4540540540540541,6.341891891891892,1.7,0.6854189045005346,False,False
HLA-A*68:23,369,56,0.15176151761517614,313,71,0.19241192411924118,1.9802168021680218,0.4,-0.5951486172385817,False,False
HLA-B*57:03,369,2,0.005420054200542005,367,294,0.7967479674796748,4.081029810298103,4.0,1.2076224361892054,False,False
HLA-B*27:03,368,131,0.35597826086956524,237,107,0.2907608695652174,3.8845108695652173,0.3,-0.6937333450194065,False,False
HLA-B*27:20,368,117,0.3179347826086957,251,81,0.22010869565217392,1.7228260869565217,0.4,-0.7956457530561936,False,False
HLA-B*41:01,368,220,0.5978260869565217,148,26,0.07065217391304347,0.4902173913043478,0.0,-1.9037460290636785,False,False
HLA-B*45:01,368,247,0.6711956521739131,121,36,0.09782608695652174,0.815054347826087,0.0,-1.8678576589423777,False,False
HLA-B*56:01,368,178,0.483695652173913,190,70,0.19021739130434784,1.3672554347826087,0.2,-1.258679498881146,False,False
HLA-A*30:02,367,23,0.06267029972752043,344,102,0.2779291553133515,2.8256130790190737,0.6,-0.10100402532394205,False,False
HLA-B*81:01,367,55,0.14986376021798364,312,31,0.08446866485013624,0.9337874659400545,0.7,-0.5457249078055701,False,False
HLA-B*27:05,366,59,0.16120218579234974,307,129,0.3524590163934426,4.769863387978142,0.8,0.10422952775393576,False,False
HLA-A*32:07,364,133,0.36538461538461536,231,129,0.3543956043956044,7.892307692307693,0.7,-0.28413324431649406,False,False
HLA-A*25:01,363,107,0.29476584022038566,256,90,0.24793388429752067,3.724517906336088,0.5,-0.6053643576720082,False,False
HLA-B*15:10,363,59,0.162534435261708,304,65,0.1790633608815427,1.5336088154269973,0.4,-0.6988855879362191,False,False
HLA-B*57:02,363,24,0.06611570247933884,339,131,0.3608815426997245,2.2363636363636363,1.3,0.20738831501335486,False,False
HLA-B*15:17,362,27,0.07458563535911603,335,98,0.27071823204419887,1.7569060773480663,1.0,-0.021437340307523475,False,False
HLA-A*74:01,361,57,0.15789473684210525,304,181,0.5013850415512465,16.96869806094183,2.1,0.785062393075836,False,False
HLA-B*46:01,361,148,0.4099722991689751,213,69,0.19113573407202217,1.233240997229917,0.5,-1.0471811891313718,False,False
HLA-A*43:01,359,81,0.22562674094707522,278,41,0.11420612813370473,1.4537604456824513,0.3,-0.9775773788584601,False,False
HLA-B*18:01,359,44,0.12256267409470752,315,139,0.3871866295264624,2.327910863509749,1.3,0.07142951200439183,False,False
HLA-B*27:02,359,120,0.3342618384401114,239,139,0.3871866295264624,6.499721448467967,0.8,-0.1765355021049284,False,False
HLA-B*54:01,357,147,0.4117647058823529,210,87,0.24369747899159663,2.038095238095238,0.3,-0.9583339924299432,False,False
HLA-A*02:19,354,16,0.04519774011299435,338,240,0.6779661016949152,10.69180790960452,5.25,1.4329047745356598,False,False
HLA-B*51:01,353,179,0.5070821529745042,174,107,0.3031161473087819,3.0922096317280454,0.0,-0.9159862161573618,False,False
HLA-A*24:07,352,4,0.011363636363636364,348,168,0.4772727272727273,6.224715909090909,1.85,0.8125855725638615,False,False
HLA-B*44:05,352,20,0.056818181818181816,332,215,0.6107954545454546,4.40625,3.3,0.8430588764179031,False,False
HLA-A*80:01,351,169,0.48148148148148145,182,17,0.04843304843304843,0.445014245014245,0.1,-1.7787908728937587,False,True
HLA-B*08:03,350,147,0.42,203,16,0.045714285714285714,0.6182857142857143,0.4,-1.3439680575863842,False,True
HLA-B*42:01,350,8,0.022857142857142857,342,293,0.8371428571428572,13.058285714285715,10.7,1.980457086120155,False,False
HLA-B*15:02,349,78,0.22349570200573066,271,145,0.4154727793696275,1.9865329512893983,1.5,-0.11125686473585389,False,False
HLA-B*57:01,349,46,0.1318051575931232,303,275,0.7879656160458453,5.992263610315186,6.5,1.1455721776039243,False,False
HLA-A*26:02,343,28,0.08163265306122448,315,123,0.358600583090379,5.971720116618076,0.9,0.3234291641952113,False,False
HLA-A*26:03,341,98,0.2873900293255132,243,80,0.23460410557184752,3.2824046920821113,0.4,-0.6874899876210342,False,False
HLA-B*40:01,302,19,0.06291390728476821,283,30,0.09933774834437085,1.243046357615894,1.2,0.012287648227761728,False,False
HLA-A*26:01,272,15,0.05514705882352941,257,85,0.3125,4.094926470588235,0.6499999999999999,0.07078280957555536,False,False
HLA-A*01:01,220,13,0.05909090909090909,207,92,0.41818181818181815,8.477363636363636,1.4,0.6160549861017172,False,False
HLA-A*32:01,32,4,0.125,28,11,0.34375,10.7625,0.6,0.19314531927309372,True,True
HLA-B*35:08,27,2,0.07407407407407407,25,4,0.14814814814814814,1.2481481481481482,0.5,-0.47982714002044025,True,True
HLA-A*02:05,21,0,0.0,21,15,0.7142857142857143,8.942857142857143,7.7,1.6214209020892987,True,True
HLA-B*40:02,19,0,0.0,19,15,0.7894736842105263,8.389473684210525,8.7,1.575974409879041,True,True
HLA-A*68:02,16,0,0.0,16,2,0.125,1.925,0.9,-0.1671298623656962,True,True
HLA-A*69:01,15,5,0.3333333333333333,10,2,0.13333333333333333,0.8333333333333333,0.6,-1.0161605503480584,True,True
HLA-B*13:02,7,3,0.42857142857142855,4,3,0.42857142857142855,1.6285714285714286,1.8,-0.6981742447922086,True,True
