allele,A baseline,B linear MSE,C centered MSE,D centered+rank
HLA-A*23:01,0.8141270366618232,0.8251348734145184,0.8316993927623546,0.8450921508506759
HLA-A*74:01,0.636789426025033,0.6291614096072896,0.6282240881030062,0.6273637072768949
HLA-A*02:16,0.6757268110495505,0.6950636864001367,0.7078212993038246,0.7571074126110315
HLA-B*35:03,0.595426988101609,0.6004397981543377,0.6009293617000232,0.6279656891612553
HLA-A*02:03,0.6396698281205291,0.6360250686373775,0.6531419310973917,0.6991579482273818
HLA-B*58:01,0.5922497418240802,0.5907091379099525,0.5498719143732449,0.5622473011004302
HLA-A*25:01,0.4473285667963668,0.4818684004683115,0.47825741600780286,0.4620330966510154
HLA-B*39:10,0.45767001358244147,0.4575486617045774,0.4610570025383553,0.34743239126302494
HLA-B*39:01,0.3658789597890449,0.3001278803637851,0.2999572863679384,0.3112476542357283
HLA-A*68:01,0.4179430513927424,0.5346954089933382,0.540868898603968,0.6074646895979054
HLA-A*80:01,0.30965787025566466,0.36157153834343714,0.3651153703744119,0.3165456659054359
HLA-B*08:03,0.29092130802665783,0.26127274072235385,0.2585550516703547,0.2812826504052579
HLA-B*18:01,0.25617436698554696,0.2959626892996118,0.3329724345960055,0.3299484835632503
HLA-B*14:01(C67S),0.03939147156454839,0.04937231143652847,0.10210708508827557,0.044427297576989586
HLA-B*46:01,0.014393584573213996,-0.02509261448397566,0.021211347844006394,0.06132203527686157
HLA-B*14:02(C67S),-0.007734234619595265,0.00010899975126984137,0.0442749811556768,-0.02279848466463329
