target,seed,epoch,train_scc,test_scc
raw,42,5,0.28321205044742714,0.18599396594081674
raw,42,10,0.2919727970188336,0.1998492623854275
raw,42,15,0.2962273656145661,0.2006762259621254
raw,42,20,0.29759370797990115,0.20215760487683782
raw,42,25,0.3082572857579919,0.20570316213211326
raw,42,30,0.33416232157674836,0.20408739958567756
raw,42,35,0.3704030558771811,0.22508496222161256
raw,42,40,0.4095694567076661,0.2524876248807437
raw,42,45,0.44424323837504587,0.2894053287224695
raw,42,50,0.4785260198042844,0.3195503369183348
raw,42,55,0.507771057967794,0.34460352117807425
raw,42,60,0.5351984906072736,0.3616404928925647
raw,42,65,0.5603448854674706,0.37356407291442495
raw,42,70,0.5837961827162159,0.38781544323063066
raw,42,75,0.6016015030011853,0.3996673268368484
raw,42,80,0.6169516176839754,0.40042145243850835
raw,42,85,0.6321734031596231,0.40404711396800247
raw,42,90,0.6415950808407737,0.4101474469658013
raw,1,5,0.28760867679170066,0.18683939704434427
raw,1,10,0.29100859574524895,0.19713660455971693
raw,1,15,0.2951496332989154,0.1997083409387837
raw,1,20,0.30509636959358105,0.20210536266855839
raw,1,25,0.32515240683218066,0.2065896953313563
raw,1,30,0.35839072880715944,0.22178526618859373
raw,1,35,0.389124494031569,0.25003387717362857
raw,1,40,0.4245975029365824,0.2812002887173142
raw,1,45,0.45065623599459825,0.31152497587246475
raw,1,50,0.48029948414120693,0.3348675055405144
raw,1,55,0.5075976737688164,0.3555815039662554
raw,1,60,0.5326227551179236,0.37006539463260424
raw,1,65,0.5611968613743996,0.3878771355013347
raw,1,70,0.582382094706175,0.39486990631767127
raw,1,75,0.5961377105670732,0.4080942635397288
raw,1,80,0.6107018860774106,0.41009547825992987
raw,1,85,0.624767075546547,0.4181741462664704
raw,1,90,0.6361964210447457,0.4217589284222806
raw,2,5,0.2868622912112313,0.18696356718847196
raw,2,10,0.2873200521557526,0.19787818158782217
raw,2,15,0.2916955841004402,0.2005942668295695
raw,2,20,0.29611260041659804,0.2015269616897259
raw,2,25,0.30662580414774065,0.20263770049613572
raw,2,30,0.32892916371872427,0.20758739426846565
raw,2,35,0.3642831362381085,0.22539537262558118
raw,2,40,0.40450385513765086,0.2606050151693148
raw,2,45,0.43333439346929137,0.28932385586572107
raw,2,50,0.47022947635646156,0.3224793280619341
raw,2,55,0.5010851370468974,0.34502435780538876
raw,2,60,0.5271483514460147,0.36231780300347927
raw,2,65,0.553044677472296,0.38002199744478443
raw,2,70,0.5759084099146775,0.3901181797431481
raw,2,75,0.5920379334004136,0.3980676939158798
raw,2,80,0.6076142600618357,0.40309670460980196
raw,2,85,0.622971747942037,0.4120442173129688
raw,2,90,0.6378250111111657,0.40998831898648247
raw,3,5,0.285422805194084,0.18387739244865678
raw,3,10,0.2878435306710041,0.19558888803668778
raw,3,15,0.2914795308444523,0.1989801838927575
raw,3,20,0.2977438626740924,0.20118666760687542
raw,3,25,0.30807195131089316,0.20158977939878026
raw,3,30,0.33461966030443707,0.21331552207066493
raw,3,35,0.37116486349556566,0.22824032042921058
raw,3,40,0.41053157500086357,0.26969759653040015
raw,3,45,0.44522121603229886,0.30613512091865946
raw,3,50,0.48041827790926483,0.336977870366463
raw,3,55,0.513963119073742,0.35967255309044366
raw,3,60,0.537738056459452,0.37944913132458363
raw,3,65,0.5607947750148071,0.3907461258914069
raw,3,70,0.5814017279695864,0.40013565994515243
raw,3,75,0.5977274946540581,0.4124823598305596
raw,3,80,0.616037907526074,0.41597867322974136
raw,3,85,0.6343409941411278,0.42619665810292096
raw,3,90,0.6454403062677955,0.4228833789584435
raw,4,5,0.2848134878886285,0.18561989642223592
raw,4,10,0.2908263234193231,0.1982999765430482
raw,4,15,0.2901681358470589,0.20165430386923822
raw,4,20,0.2952078148068717,0.20052186766115682
raw,4,25,0.30276445973814825,0.20313910629984344
raw,4,30,0.31848466877094656,0.2058738378614826
raw,4,35,0.3511291285647212,0.22338048369372732
raw,4,40,0.3865676846503968,0.23993140704303345
raw,4,45,0.4215738264173508,0.2759311236315285
raw,4,50,0.45233569754839287,0.30842842117435876
raw,4,55,0.4820620460431634,0.33414172159984923
raw,4,60,0.5109195315835658,0.35974740496820146
raw,4,65,0.5399537460240008,0.3726496832201022
raw,4,70,0.5636034355055805,0.3855808788555477
raw,4,75,0.5874026669525066,0.39856942159723474
raw,4,80,0.6013940333681158,0.4033196885923478
raw,4,85,0.6188454941305047,0.4094010529207789
raw,4,90,0.63133597503035,0.41342333135352805
centered,42,5,0.28746053051609244,0.19358452596234982
centered,42,10,0.3007701377488052,0.20311041596003906
centered,42,15,0.3029938297819421,0.20117994676024342
centered,42,20,0.2998351357397126,0.20329845964988627
centered,42,25,0.30232280495143776,0.20597304352286377
centered,42,30,0.30655271712144694,0.2065748040137061
centered,42,35,0.3157079936454888,0.21311931573367845
centered,42,40,0.33148177476111584,0.22262566762935382
centered,42,45,0.35622246477482544,0.23758749685951255
centered,42,50,0.3907310974142163,0.2598527865237828
centered,42,55,0.41919153735950615,0.2906382538522593
centered,42,60,0.45184723638616836,0.32120714533533
centered,42,65,0.47967946105145437,0.34343897547346897
centered,42,70,0.5013786652341978,0.36104680171321224
centered,42,75,0.5223857245959916,0.3775201845999101
centered,42,80,0.5430276075964445,0.38978306699204734
centered,42,85,0.5578252192002884,0.3976105645305331
centered,42,90,0.5749414731325416,0.4091201384465757
centered,1,5,0.2925186638271405,0.194547689161221
centered,1,10,0.30019233260280437,0.20118367249936472
centered,1,15,0.30057823876320805,0.2011555309978052
centered,1,20,0.302243498584813,0.2022364853713179
centered,1,25,0.31351366079793413,0.205490051874282
centered,1,30,0.35874346181090266,0.23401388134899032
centered,1,35,0.4091379646518024,0.2850490613975597
centered,1,40,0.46440126976119994,0.33555704071695514
centered,1,45,0.49672978080686225,0.3675259310318477
centered,1,50,0.5395303879773987,0.3883950431375366
centered,1,55,0.5643783319022887,0.4045703072812632
centered,1,60,0.5934859190980047,0.41729217102680083
centered,1,65,0.616419818421413,0.4289757421252617
centered,1,70,0.6409363241311743,0.4375614779999171
centered,1,75,0.6575445391014119,0.44169394590834776
centered,1,80,0.6732108728370437,0.4483447891859611
centered,1,85,0.6843049663552184,0.4517567606741911
centered,1,90,0.6994172894786997,0.45389298256096644
centered,2,5,0.2944715359202204,0.19524665256791168
centered,2,10,0.2933888520632268,0.20245505222430804
centered,2,15,0.29788584069558044,0.2026784824231539
centered,2,20,0.3006563915615636,0.20195992215331005
centered,2,25,0.30445031233368536,0.20363428020226143
centered,2,30,0.32100615466492205,0.21067209964716316
centered,2,35,0.3732656696369851,0.24048470115401593
centered,2,40,0.44125248715547366,0.30507098427806995
centered,2,45,0.49345494898321746,0.35090413103622653
centered,2,50,0.5359312488467403,0.3729978964731902
centered,2,55,0.5658163641818742,0.39762298604531776
centered,2,60,0.5913907938318393,0.41253788104775374
centered,2,65,0.6137417517357675,0.4185577749878688
centered,2,70,0.6396867706259771,0.42670409403136267
centered,2,75,0.6525064369750371,0.4308456933263752
centered,2,80,0.6736474481401917,0.43713196869626325
centered,2,85,0.6891464228852409,0.4419077014878102
centered,2,90,0.7003686954478142,0.43906913227363575
centered,3,5,0.29151739812955585,0.19395884110393982
centered,3,10,0.2998169320756727,0.20001880326760169
centered,3,15,0.2950207248738508,0.20105428689240248
centered,3,20,0.3028106371023018,0.20308062880743408
centered,3,25,0.31744319514318364,0.21305540800752276
centered,3,30,0.3636273248293828,0.24090145237407523
centered,3,35,0.4188865062413561,0.28555949604449704
centered,3,40,0.4672929308218487,0.32519956586611887
centered,3,45,0.4992275359707463,0.352281410476034
centered,3,50,0.5292506197234527,0.3637326259092229
centered,3,55,0.5561830179705035,0.38208582344637765
centered,3,60,0.5797043420471005,0.38763390427098443
centered,3,65,0.5999371642626727,0.3950655797948941
centered,3,70,0.6222964826713382,0.39767157977938633
centered,3,75,0.638255680324819,0.4112528500619301
centered,3,80,0.6531157094041296,0.41341267712175866
centered,3,85,0.6691834615128147,0.4275681790691749
centered,3,90,0.6877209019774813,0.42850149689853934
centered,4,5,0.2939013518904572,0.19742170397688685
centered,4,10,0.2990708388453163,0.19945822487969322
centered,4,15,0.2939478795788759,0.20175587037022777
centered,4,20,0.29873531525513286,0.20067215984705639
centered,4,25,0.3062861422562107,0.20314077404055658
centered,4,30,0.32847766602653294,0.2146846216597617
centered,4,35,0.3841400905550585,0.2540665914865825
centered,4,40,0.4526131251671039,0.3125121537776665
centered,4,45,0.49580639115997993,0.36137915328458314
centered,4,50,0.5352197685393164,0.38677200437632725
centered,4,55,0.568111015509158,0.4011917182429756
centered,4,60,0.5958328061827769,0.42188207975394043
centered,4,65,0.6228198073849665,0.4267734712381783
centered,4,70,0.6409331579172932,0.43070703483942724
centered,4,75,0.6584044148717234,0.4379247680147806
centered,4,80,0.6699731373524611,0.43966262172068293
centered,4,85,0.6855582733926083,0.45033236031689355
centered,4,90,0.6966071730192427,0.45212297116878725
zscore,42,5,0.28501993742822507,0.18528459138950099
zscore,42,10,0.2918406714916891,0.19616101081160398
zscore,42,15,0.2937174253996088,0.1980850423526334
zscore,42,20,0.31716995138212906,0.20822550194136927
zscore,42,25,0.3500377512669529,0.23238534242271863
zscore,42,30,0.3885028855655605,0.26035222896485466
zscore,42,35,0.4281691548597047,0.29635782154433044
zscore,42,40,0.46925819930079743,0.32788125535761264
zscore,42,45,0.5109802848205222,0.3587068959322496
zscore,42,50,0.5449279058260935,0.3740698906357673
zscore,42,55,0.5744278982573332,0.39112495283863213
zscore,42,60,0.6019861767397537,0.40516819877344024
zscore,42,65,0.6255220753901759,0.41660325642446006
zscore,42,70,0.6488801340852343,0.42727863337318617
zscore,42,75,0.6681691170819971,0.43771666740365445
zscore,42,80,0.6856564522263263,0.4404493522856131
zscore,42,85,0.7018064561901726,0.44291173432221975
zscore,42,90,0.7178928678435634,0.4467910738304201
zscore,1,5,0.28802926379488897,0.18721361998915084
zscore,1,10,0.2887289631245052,0.1943050341299944
zscore,1,15,0.2932289449936431,0.1971406307873356
zscore,1,20,0.3022417937077122,0.20396517280518137
zscore,1,25,0.32736854789790937,0.21996598118314709
zscore,1,30,0.3665052718083513,0.24616683930058636
zscore,1,35,0.4088748901975434,0.28552996962618393
zscore,1,40,0.4580534016513519,0.32902002295947197
zscore,1,45,0.5005517857195144,0.3610815297685127
zscore,1,50,0.5446276460938237,0.38495106688148784
zscore,1,55,0.5751754021402904,0.40398556607915476
zscore,1,60,0.6090063333446216,0.41726360983386257
zscore,1,65,0.6360646940239585,0.4287275876487091
zscore,1,70,0.6590449731153346,0.43433184705068306
zscore,1,75,0.6766891223921717,0.4413398340472948
zscore,1,80,0.6929662552376235,0.4470743922024664
zscore,1,85,0.7081823319213488,0.4529562729710143
zscore,1,90,0.7243133319566137,0.45734061420387245
zscore,2,5,0.287816193003834,0.18822143457811025
zscore,2,10,0.2903080064259293,0.1960119828104757
zscore,2,15,0.292197849732566,0.19710139968307028
zscore,2,20,0.29479516055274374,0.19877925136628932
zscore,2,25,0.3055414786521298,0.20569431676802585
zscore,2,30,0.3434206757313442,0.22532579845297157
zscore,2,35,0.3942775464455254,0.26390100492175955
zscore,2,40,0.4481269453912269,0.31541754023643104
zscore,2,45,0.4985120901771813,0.3518267918458985
zscore,2,50,0.5439623080918721,0.3792856336518136
zscore,2,55,0.5788628509812143,0.4026681958822414
zscore,2,60,0.6071733886829394,0.4167777494415255
zscore,2,65,0.6305388508912999,0.4280700708324178
zscore,2,70,0.6548398392777985,0.43621916606000305
zscore,2,75,0.6688221023075374,0.44387851465922257
zscore,2,80,0.6892522809827965,0.44627550837590835
zscore,2,85,0.7059755282517145,0.45545078640176073
zscore,2,90,0.7171648843591243,0.45635037042206217
zscore,3,5,0.28358250663849655,0.18525456053703032
zscore,3,10,0.28981389387129675,0.19466596402512848
zscore,3,15,0.29193033735598267,0.19664869597052553
zscore,3,20,0.3028727122774089,0.20180133849950316
zscore,3,25,0.3390295522112719,0.2190703926626396
zscore,3,30,0.38733159369308495,0.25535091229500734
zscore,3,35,0.43396641791517965,0.29496608180654366
zscore,3,40,0.4747297630051679,0.3289335723995024
zscore,3,45,0.5100412086257786,0.3540572420514152
zscore,3,50,0.5440239511785832,0.3671745675984265
zscore,3,55,0.5733066604857922,0.3875806161719402
zscore,3,60,0.597982093440593,0.4015741329014052
zscore,3,65,0.6260928882691593,0.4111818390110064
zscore,3,70,0.6473619067082063,0.41676480253300335
zscore,3,75,0.6727898747729575,0.4312233334150451
zscore,3,80,0.6924333332191538,0.43792561600767194
zscore,3,85,0.7067945583416531,0.4493738653278434
zscore,3,90,0.7177101426554291,0.45322962025364444
zscore,4,5,0.28480968466084056,0.1858839229105104
zscore,4,10,0.2897012662354748,0.1944406804963474
zscore,4,15,0.2967300975617395,0.20140122933006785
zscore,4,20,0.32117078179891495,0.21256059082187376
zscore,4,25,0.3471337230134944,0.23161788969866626
zscore,4,30,0.38511554382344965,0.2642761020594274
zscore,4,35,0.4184032094106883,0.29790780037113485
zscore,4,40,0.45872795466646915,0.3249675314404378
zscore,4,45,0.4994298051412355,0.3530415008849449
zscore,4,50,0.5350170854627486,0.37485371154555824
zscore,4,55,0.5713985642881325,0.39299856144390816
zscore,4,60,0.6000611483121217,0.4107176235046085
zscore,4,65,0.6255077928325077,0.42406064682261696
zscore,4,70,0.6517620458810437,0.43299318353656024
zscore,4,75,0.6756736008897921,0.4381397894738367
zscore,4,80,0.6929628925968703,0.439974533928045
zscore,4,85,0.7086086612148348,0.44923785492727947
zscore,4,90,0.7197913367190122,0.45038688768238777
rank,42,5,0.2929007530319717,0.19128406939910025
rank,42,10,0.2986224074197461,0.20405461454897283
rank,42,15,0.3050632906437705,0.20907830601826963
rank,42,20,0.321374351168989,0.22500304221574782
rank,42,25,0.35054914789262126,0.24911229989588296
rank,42,30,0.3920488748923558,0.2731577392136312
rank,42,35,0.4334878421222927,0.3068606058521062
rank,42,40,0.48555297899818417,0.3369947368405256
rank,42,45,0.527978158310064,0.36381651521360925
rank,42,50,0.5618574047504049,0.38002961394009205
rank,42,55,0.5930350045012153,0.3958629301994691
rank,42,60,0.6198842637451617,0.4116349412288928
rank,42,65,0.6448358030934007,0.42569067801056704
rank,42,70,0.6710516746277793,0.4347911585844818
rank,42,75,0.6918924493035516,0.44852399948265953
rank,42,80,0.7118942107490553,0.4502750278874289
rank,42,85,0.7270899016858445,0.4541209067349181
rank,42,90,0.7378366504063062,0.4574961910442781
rank,1,5,0.29248510517472365,0.19306428697454114
rank,1,10,0.2985153801013298,0.20253730824599936
rank,1,15,0.30366706561830686,0.20675257169873662
rank,1,20,0.31723993052227906,0.21893920553785856
rank,1,25,0.34018871033148573,0.23828599182579308
rank,1,30,0.3775432320847728,0.26246088637698517
rank,1,35,0.42394683532195576,0.29850459130443874
rank,1,40,0.46807049179836757,0.33318549263494535
rank,1,45,0.5142654967425501,0.3661197354847604
rank,1,50,0.5545693279856937,0.3892706685563405
rank,1,55,0.587040602100677,0.409782809248728
rank,1,60,0.6190143682362146,0.4230849260781935
rank,1,65,0.6481208991136737,0.432486751045331
rank,1,70,0.6725713729348421,0.4425712303973046
rank,1,75,0.6965822236838548,0.45156000969965115
rank,1,80,0.7178150558886903,0.46113942106635586
rank,1,85,0.7306196939463175,0.4653293261418097
rank,1,90,0.7436375241975784,0.4687187347434326
rank,2,5,0.29465609246090657,0.19346957702269268
rank,2,10,0.29974492684872706,0.20259626098724037
rank,2,15,0.300984080327402,0.20635962453449588
rank,2,20,0.3060896619308961,0.21108013244754809
rank,2,25,0.32467108157087116,0.22557329812388277
rank,2,30,0.35880227898377964,0.25016720898865485
rank,2,35,0.40525609441958765,0.28291338288308315
rank,2,40,0.4586206424223545,0.321203052961061
rank,2,45,0.5103867568876912,0.3562201479999752
rank,2,50,0.5518128891468669,0.3809618714804209
rank,2,55,0.5901690406605754,0.4034152200954393
rank,2,60,0.6234537973566218,0.4219222423959681
rank,2,65,0.6505035899095676,0.434533402007267
rank,2,70,0.6791518762616887,0.4434090626651136
rank,2,75,0.6982412630771804,0.4511220991294802
rank,2,80,0.7160192824855305,0.45708711432580235
rank,2,85,0.7325215655016845,0.46719430427428277
rank,2,90,0.7432646653890386,0.4688315345669913
rank,3,5,0.2925150295683401,0.19222682110605288
rank,3,10,0.29886423057522465,0.20191113652025083
rank,3,15,0.30378137884789924,0.2075746777653376
rank,3,20,0.31539641540231655,0.21639479707720832
rank,3,25,0.3482528723215251,0.2375222954661721
rank,3,30,0.39409102457763634,0.26895502138267086
rank,3,35,0.43577014455158475,0.30562057942537524
rank,3,40,0.47947944330968745,0.33653783233846957
rank,3,45,0.5214948246731542,0.36127139886359483
rank,3,50,0.5588814876365473,0.37992278436490623
rank,3,55,0.5911608109338976,0.39559394331589626
rank,3,60,0.6217578528892616,0.413265780070099
rank,3,65,0.649802728482678,0.4259863567856349
rank,3,70,0.6741094959249448,0.4318313836132349
rank,3,75,0.6929965430529635,0.444091935292167
rank,3,80,0.7101608402435443,0.4481049579100494
rank,3,85,0.7290577117019312,0.45663248102205267
rank,3,90,0.7433298896032428,0.4589654406067736
rank,4,5,0.2938302651007534,0.192285863344516
rank,4,10,0.2994837863728297,0.2027842961166218
rank,4,15,0.30636343346416706,0.21119533959893227
rank,4,20,0.3214811957275715,0.22605152855208738
rank,4,25,0.34440833281446515,0.2453141544831052
rank,4,30,0.38088351078439125,0.2706774002654113
rank,4,35,0.43121524462383787,0.3002037261093683
rank,4,40,0.48103907897542153,0.3322211577636709
rank,4,45,0.5246270995040828,0.35568506217662954
rank,4,50,0.5674013151536914,0.37739555213297116
rank,4,55,0.5998291964429127,0.39256982072158586
rank,4,60,0.6324097340988403,0.4110682392228055
rank,4,65,0.6564966394729082,0.4233438817228855
rank,4,70,0.679229182413336,0.43166442093449475
rank,4,75,0.7009277973667799,0.4378087822663935
rank,4,80,0.7153677955754533,0.44232017307629945
rank,4,85,0.7312481765377997,0.45076032415734896
rank,4,90,0.7443699581220741,0.45625952911918977
