allele,42,1,2,3,4
HLA-A*23:01,0.8125177701982643,0.8250468892394957,0.7966376057628167,0.8187598907235277,0.8051862218778728
HLA-A*02:16,0.696990015672794,0.6913830983467414,0.7079263545712332,0.7215384462743972,0.6927568179506187
HLA-A*02:03,0.6495043142679019,0.6869180411880703,0.6273795036462659,0.5806658873419841,0.6657081075014967
HLA-A*74:01,0.6340194338024016,0.6253881467276559,0.5778650083465722,0.5475135433269798,0.6231741211994576
HLA-B*35:03,0.5933185002348523,0.6384002348316953,0.5912259999599011,0.6717647356545203,0.6639828656685249
HLA-B*39:10,0.5761043194698203,0.3474847670316396,0.46284267972420395,0.384923955682206,0.3271477687693494
HLA-A*68:01,0.49925094426903177,0.4369279388612147,0.43455413583190966,0.2160015375660899,0.48772642024990565
HLA-B*58:01,0.44540578792452296,0.4324476777166721,0.428837791448578,0.36073562887615945,0.41117718844638484
HLA-B*39:01,0.35892677034019005,0.3201667578768331,0.3112211583754725,0.3510496886371403,0.347571569069564
HLA-A*25:01,0.35888488880085206,0.36662305774685655,0.3542945228643638,0.4613175366163778,0.4017559365903655
HLA-B*08:03,0.27398514016789,0.32007031297737915,0.3049734309689886,0.1586776216222246,0.32298052198096283
HLA-A*80:01,0.27138416005085186,0.24939259149229145,0.2736365119730465,0.3466240047539025,0.17082912376106424
HLA-B*18:01,0.12927372487251937,0.12000890169211924,0.13834209822498952,0.2691722302934091,0.28015887843625453
HLA-B*46:01,0.11061845936101453,-0.07255923033947216,0.030326551499719665,0.06223547511136064,0.02470113271520007
HLA-B*14:01(C67S),0.06060984491417878,0.1683181010851266,0.042772671461679845,0.13605608485353074,-0.07701060374419574
HLA-B*14:02(C67S),-0.04871373249938959,0.1538366025460127,-0.011671621019756516,0.07494898634761385,-0.08534225534541255
